sale_id,company_id,test_id,product_id,revenue
1,6,26,28,1003.63
2,6,1,1,5747.31
3,14,2,5,15000.34
4,15,2,4,63341.12
5,1,30,27,32120.45
6,2,17,18,11094.65
7,14,25,21,55815.0
8,11,8,11,1803.04
9,2,17,18,20064.95
10,4,16,17,52519.16
11,2,11,7,24403.86
12,13,6,9,32744.31
13,15,17,18,22439.41
14,12,10,13,1753.79
15,10,6,9,27676.23
16,7,27,24,23196.17
17,14,3,6,30097.34
18,11,13,14,15492.26
19,11,3,6,25110.77
20,3,10,13,2382.49
21,2,23,23,69656.11
22,14,18,19,2585.39
23,10,14,15,56981.13
24,13,25,21,71510.99
25,13,10,13,2708.88
26,13,8,11,5784.04
27,8,2,4,46548.73
28,3,2,5,21622.34
29,11,6,9,54792.77
30,11,13,14,17741.16
31,3,10,13,9439.86
32,3,15,16,800.83
33,12,30,27,39874.32
34,8,23,23,78395.0
35,8,11,7,26095.45
36,11,30,27,55957.68
37,13,22,22,4408.91
38,8,16,17,22252.9
39,6,23,23,31208.21
40,5,20,29,2020.16
41,6,11,7,49328.07
42,12,10,13,5544.01
43,5,21,30,37316.19
44,8,2,4,13678.26
45,15,2,4,58443.43
46,14,22,22,9748.74
47,1,16,17,42713.71
48,6,26,28,3048.55
49,15,1,3,14059.16
50,2,6,9,79849.9
51,1,17,18,10814.5
52,15,22,22,21542.87
53,13,26,28,2942.13
54,8,17,18,6471.28
55,13,23,23,24936.59
56,6,7,10,7219.7
57,11,9,12,3813.09
58,14,29,26,39969.94
59,3,24,20,30728.61
60,11,14,15,63019.79
61,6,1,1,22599.49
62,3,28,25,30807.22
63,11,7,10,1726.29
64,13,7,10,8710.77
65,4,30,27,52056.08
66,1,15,16,1925.17
67,13,2,5,4606.87
68,9,26,28,2044.22
69,15,8,11,1678.93
70,5,8,11,757.03
71,13,30,27,53414.74
72,13,3,6,13565.11
73,14,25,21,22968.47
74,14,29,26,38820.6
75,15,29,26,12368.99
76,3,23,23,29822.94
77,11,27,24,20171.58
78,10,28,25,921.32
79,15,9,12,8622.59
80,4,1,3,36651.49
81,8,21,30,6891.84
82,9,3,6,39424.84
83,9,23,23,31264.48
84,5,6,9,71374.92
85,2,8,11,2740.77
86,5,7,10,2641.86
87,13,16,17,53601.53
88,14,22,22,32940.39
89,8,23,23,38519.55
90,9,6,9,52555.29
91,3,12,8,12215.71
92,11,14,15,85312.13
93,13,22,22,26412.22
94,4,26,28,2436.8
95,11,30,27,41124.23
96,11,15,16,2074.64
97,3,6,9,64263.21
98,13,3,6,880.35
99,3,11,7,15815.04
100,3,23,23,9252.68
101,11,21,30,9072.61
102,12,27,24,7837.54
103,10,20,29,4255.56
104,3,14,15,70036.92
105,7,6,9,41117.45
106,6,12,8,13122.0
107,8,13,14,64871.39
108,4,20,29,4769.35
109,5,29,26,6079.81
110,9,17,18,23412.76
111,4,26,28,279.39
112,2,17,18,6020.04
113,15,8,11,2323.59
114,3,25,21,67584.88
115,12,7,10,6945.05
116,6,14,15,41282.59
117,3,29,26,10594.1
118,15,8,11,9523.11
119,14,18,19,4154.9
120,6,7,10,4571.18
121,7,8,11,3496.44
122,7,24,20,23209.5
123,10,15,16,5304.5
124,2,16,17,7323.82
125,10,29,26,20109.65
126,10,22,22,11093.17
127,11,15,16,1459.11
128,3,23,23,14413.31
129,13,22,22,37042.55
130,10,29,26,14927.05
131,13,8,11,674.86
132,4,11,7,41280.16
133,5,7,10,8849.25
134,3,23,23,16183.24
135,10,25,21,7776.12
136,10,2,2,10466.01
137,12,18,19,2054.35
138,13,15,16,4273.67
139,8,26,28,2671.48
140,13,29,26,36268.66
141,14,22,22,14983.75
142,6,27,24,25940.52
143,7,11,7,40836.36
144,11,6,9,17632.68
145,13,7,10,6975.23
146,5,27,24,2335.9
147,11,12,8,7916.99
148,12,11,7,25485.78
149,3,2,2,38837.83
150,4,28,25,11515.93
151,10,13,14,53716.55
152,9,25,21,39455.03
153,13,2,5,24107.22
154,14,10,13,3965.95
155,9,8,11,4099.24
156,10,25,21,44098.28
157,1,13,14,13966.68
158,3,12,8,19196.32
159,12,3,6,26553.11
160,4,23,23,58219.41
161,5,18,19,12653.76
162,3,16,17,35878.39
163,14,16,17,23686.92
164,15,22,22,45410.89
165,4,14,15,45855.88
166,10,28,25,13936.01
167,14,2,5,2333.39
168,6,3,6,17528.97
169,15,2,4,49763.14
170,4,26,28,1470.19
171,6,27,24,23019.52
172,13,25,21,51413.32
173,11,26,28,963.13
174,12,6,9,34732.36
175,13,24,20,34701.19
176,4,21,30,72660.62
177,13,10,13,6838.45
178,15,16,17,34158.27
179,13,11,7,22049.82
180,6,2,2,38135.08
181,10,30,27,58599.01
182,11,23,23,11260.87
183,12,3,6,47665.25
184,14,7,10,4436.63
185,4,6,9,48117.82
186,2,8,11,11882.79
187,15,27,24,2651.12
188,2,2,5,13940.56
189,12,26,28,2769.49
190,14,15,16,4474.88
191,14,22,22,2559.33
192,15,27,24,9619.26
193,13,11,7,13327.6
194,12,2,2,5341.01
195,7,13,14,38484.92
196,3,2,2,1319.19
197,7,12,8,30228.7
198,10,6,9,18474.66
199,4,2,4,40329.91
200,11,22,22,8879.44
201,13,3,6,16475.59
202,15,12,8,5816.82
203,1,29,26,22332.7
204,12,21,30,7916.98
205,3,13,14,18234.08
206,10,16,17,9867.99
207,9,6,9,32218.94
208,11,16,17,43342.26
209,8,1,3,26805.71
210,6,25,21,70835.81
211,8,25,21,40895.65
212,15,3,6,30679.78
213,12,20,29,676.86
214,5,29,26,3886.06
215,12,2,2,24439.87
216,9,6,9,45861.12
217,12,30,27,64921.45
218,1,11,7,54574.76
219,15,13,14,9936.5
220,7,30,27,66683.16
221,12,2,2,52776.61
222,7,12,8,4573.45
223,7,2,4,66076.36
224,11,24,20,15992.7
225,6,9,12,6716.49
226,12,24,20,42671.31
227,14,1,1,8589.53
228,7,24,20,7452.95
229,13,7,10,2701.16
230,3,1,3,25805.44
231,14,20,29,424.6
232,14,10,13,8742.8
233,10,3,6,40034.04
234,9,17,18,10572.64
235,2,1,1,10933.46
236,10,8,11,10871.07
237,10,1,1,13350.26
238,15,7,10,7117.49
239,14,29,26,28527.27
240,3,15,16,2940.7
241,2,12,8,3260.8
242,5,1,3,23504.59
243,12,28,25,2883.18
244,3,24,20,18977.81
245,13,10,13,7193.9
246,5,16,17,9193.82
247,2,1,3,16463.11
248,4,21,30,23374.13
249,13,22,22,23347.89
250,11,29,26,55364.19
251,14,1,3,9852.87
252,14,22,22,35157.22
253,13,21,30,51428.96
254,11,10,13,7246.29
255,7,3,6,19688.43
256,11,1,1,12504.2
257,1,30,27,4505.94
258,4,25,21,20133.51
259,4,1,3,43861.62
260,7,2,5,1592.66
261,14,12,8,23039.2
262,14,28,25,11392.13
263,2,30,27,22785.51
264,3,18,19,10221.12
265,2,1,3,44248.58
266,9,25,21,66065.07
267,13,24,20,16000.83
268,11,26,28,2266.76
269,5,30,27,39169.0
270,10,12,8,22944.51
271,10,1,1,15254.93
272,6,14,15,83255.52
273,12,20,29,795.9
274,9,17,18,11225.23
275,6,9,12,69846.03
276,2,20,29,5304.56
277,12,2,5,5205.41
278,1,22,22,39994.28
279,9,23,23,65378.84
280,8,23,23,48623.73
281,6,17,18,5458.32
282,1,2,4,29212.16
283,6,26,28,4150.87
284,6,2,4,13492.63
285,10,7,10,10830.5
286,12,10,13,7269.66
287,14,6,9,53264.11
288,4,2,2,11602.23
289,6,20,29,1307.91
290,1,27,24,15057.31
291,8,30,27,66758.96
292,2,14,15,48239.13
293,14,9,12,64605.94
294,9,3,6,36696.24
295,6,7,10,2609.04
296,1,14,15,77363.32
297,15,22,22,17721.07
298,15,2,5,14062.99
299,7,21,30,32955.17
300,10,29,26,26743.9
301,8,6,9,15343.98
302,7,3,6,12431.01
303,12,6,9,66982.52
304,7,9,12,19431.95
305,4,26,28,1930.06
306,4,28,25,35267.42
307,5,20,29,5526.4
308,4,20,29,4287.56
309,13,3,6,37550.27
310,5,2,4,31915.86
311,3,23,23,62082.25
312,7,8,11,5964.68
313,6,15,16,2222.81
314,4,22,22,16229.92
315,1,15,16,4122.96
316,9,14,15,15108.36
317,11,22,22,33383.13
318,10,25,21,7902.28
319,12,11,7,40157.9
320,2,1,1,1621.19
321,1,10,13,4349.51
322,11,1,1,18406.98
323,12,2,5,5579.68
324,13,2,4,26574.56
325,1,15,16,103.21
326,10,18,19,8936.56
327,10,20,29,5115.36
328,14,26,28,559.58
329,6,2,5,6056.53
330,14,2,2,8210.49
331,10,3,6,40225.4
332,3,13,14,64074.49
333,7,23,23,14415.16
334,15,10,13,1829.5
335,8,1,1,17413.56
336,9,1,3,18403.13
337,6,16,17,1192.94
338,12,14,15,55718.67
339,13,22,22,26260.09
340,2,9,12,47700.17
341,2,9,12,1309.95
342,15,14,15,44127.51
343,1,30,27,66205.64
344,7,9,12,39674.29
345,13,10,13,2209.96
346,2,11,7,40041.23
347,9,27,24,22643.68
348,11,20,29,377.64
349,14,9,12,50406.39
350,7,10,13,3522.25
351,14,18,19,10295.98
352,7,26,28,2935.55
353,12,9,12,30961.95
354,11,30,27,4148.84
355,11,12,8,6822.02
356,13,20,29,4755.55
357,9,24,20,17281.67
358,8,15,16,3640.74
359,7,16,17,40158.68
360,11,30,27,49182.56
361,1,26,28,1427.21
362,8,11,7,12761.01
363,3,21,30,62600.12
364,13,11,7,20726.37
365,10,11,7,31321.51
366,10,3,6,23930.49
367,3,22,22,16203.16
368,1,2,4,12205.51
369,15,21,30,28655.25
370,13,9,12,51603.18
371,15,15,16,95.64
372,4,25,21,36051.14
373,2,25,21,28242.07
374,1,30,27,39874.0
375,15,10,13,664.36
376,4,21,30,57212.38
377,5,2,4,49248.15
378,10,14,15,45656.29
379,15,24,20,25448.44
380,6,12,8,22394.27
381,10,14,15,51743.81
382,7,14,15,1660.94
383,3,3,6,11946.75
384,5,3,6,2072.57
385,13,12,8,16804.55
386,4,7,10,2252.83
387,3,22,22,26742.3
388,11,1,3,50415.81
389,12,11,7,22747.96
390,6,16,17,30671.12
391,7,14,15,71545.05
392,15,29,26,8021.11
393,15,8,11,11114.82
394,2,2,2,36083.74
395,12,12,8,10139.64
396,4,15,16,2742.78
397,9,17,18,11897.27
398,5,18,19,6171.46
399,9,16,17,53933.62
400,14,14,15,65045.99
401,3,1,3,30420.13
402,2,25,21,44256.87
403,2,27,24,537.71
404,6,16,17,2504.21
405,15,10,13,3627.49
406,12,27,24,24715.91
407,10,13,14,4979.88
408,9,21,30,13005.03
409,12,2,2,39271.22
410,13,13,14,78087.22
411,3,29,26,6188.35
412,14,17,18,19265.14
413,6,1,1,3273.07
414,6,29,26,3665.25
415,14,1,1,10484.72
416,1,15,16,371.94
417,12,17,18,6808.29
418,2,2,5,10094.83
419,15,29,26,16472.5
420,11,12,8,6641.33
421,13,25,21,25746.35
422,12,25,21,26296.63
423,12,7,10,5931.35
424,6,2,4,22261.27
425,7,18,19,6137.45
426,2,8,11,3478.3
427,7,3,6,47885.5
428,7,23,23,41512.22
429,7,13,14,3533.49
430,13,7,10,738.09
431,10,14,15,30550.5
432,13,10,13,7872.66
433,4,29,26,8825.61
434,7,22,22,25863.26
435,7,2,2,25175.94
436,13,8,11,5151.18
437,10,8,11,5714.43
438,8,22,22,9094.45
439,1,10,13,5959.03
440,5,16,17,5923.84
441,14,2,2,20154.94
442,11,12,8,26226.12
443,10,21,30,45160.14
444,10,15,16,491.36
445,11,2,5,4264.1
446,2,25,21,59539.78
447,8,6,9,6418.48
448,9,22,22,9234.53
449,3,11,7,6117.95
450,9,30,27,50708.65
451,9,28,25,50641.02
452,11,2,4,51330.4
453,11,27,24,19605.05
454,2,14,15,50574.99
455,12,17,18,7853.99
456,8,8,11,10862.63
457,5,16,17,16670.49
458,1,7,10,4733.61
459,3,16,17,40163.14
460,7,18,19,6240.74
461,12,6,9,51272.37
462,7,2,2,39412.03
463,14,3,6,8508.65
464,8,22,22,12505.84
465,12,12,8,3877.25
466,14,16,17,9966.22
467,2,17,18,11118.65
468,6,24,20,35425.47
469,11,21,30,10597.26
470,11,29,26,47915.07
471,14,16,17,13762.32
472,6,23,23,64212.55
473,2,25,21,64951.35
474,12,10,13,2811.71
475,9,27,24,10529.12
476,13,26,28,789.87
477,13,15,16,3706.77
478,7,7,10,8244.54
479,13,11,7,11388.08
480,4,21,30,41674.7
481,10,23,23,21754.01
482,2,20,29,2009.42
483,14,3,6,39595.59
484,1,2,2,31419.52
485,3,2,4,53410.89
486,11,13,14,26094.55
487,10,2,2,1441.41
488,11,9,12,40015.02
489,12,13,14,39928.69
490,1,12,8,29755.39
491,7,14,15,4939.22
492,14,3,6,31295.43
493,7,27,24,25874.59
494,11,9,12,28729.73
495,8,21,30,38102.7
496,13,1,1,11202.83
497,6,22,22,37402.06
498,9,11,7,11947.49
499,1,22,22,4273.47
500,7,1,3,40195.25
501,7,21,30,18728.75
502,7,1,1,13509.99
503,9,27,24,20932.31
504,1,8,11,7259.36
505,14,7,10,9380.07
506,9,6,9,69923.62
507,10,21,30,71885.79
508,13,1,3,22655.51
509,12,26,28,4142.21
510,14,21,30,47544.11
511,12,2,4,7857.56
512,8,8,11,8289.12
513,8,27,24,10800.67
514,9,9,12,7693.49
515,15,27,24,4318.11
516,1,1,1,14133.53
517,13,21,30,53813.41
518,1,23,23,6825.15
519,1,13,14,70816.61
520,6,1,3,36796.3
521,8,2,5,1845.04
522,6,2,5,870.05
523,15,14,15,62687.56
524,9,28,25,44015.65
525,7,25,21,50750.94
526,9,22,22,14867.73
527,15,27,24,14567.14
528,7,1,3,16336.1
529,9,28,25,13525.11
530,4,9,12,19327.07
531,4,28,25,30011.81
532,14,26,28,3480.53
533,6,30,27,59366.41
534,2,10,13,2442.31
535,10,18,19,11771.71
536,7,1,3,27448.15
537,5,13,14,41928.43
538,13,2,4,4596.5
539,10,2,4,61196.21
540,3,27,24,27885.0
541,13,1,3,12711.12
542,1,1,1,18137.48
543,15,12,8,33745.34
544,13,26,28,1836.5
545,9,16,17,30656.99
546,1,9,12,20202.89
547,3,22,22,40777.95
548,5,27,24,27521.34
549,11,15,16,2999.66
550,3,17,18,13321.09
551,8,10,13,1639.15
552,12,2,5,14776.23
553,8,20,29,2345.75
554,6,3,6,31999.46
555,3,11,7,16554.58
556,15,18,19,6944.96
557,3,13,14,61316.6
558,1,7,10,2567.27
559,11,18,19,9132.08
560,6,26,28,2477.95
561,2,11,7,14350.12
562,15,2,2,13010.51
563,10,10,13,4306.45
564,5,24,20,3713.78
565,7,22,22,41226.32
566,4,9,12,20701.8
567,8,16,17,38057.12
568,14,13,14,24218.51
569,5,1,3,13943.78
570,5,25,21,3982.74
571,9,7,10,606.04
572,5,2,2,62490.25
573,10,2,2,31270.77
574,2,10,13,4226.89
575,9,24,20,30205.32
576,1,11,7,35888.13
577,11,7,10,460.89
578,8,6,9,74542.18
579,7,2,2,24893.81
580,7,2,2,19941.35
581,7,10,13,8483.45
582,6,14,15,75473.4
583,12,15,16,4336.11
584,1,22,22,40236.0
585,7,22,22,13355.44
586,10,11,7,10637.69
587,3,17,18,3941.16
588,3,28,25,43346.89
589,15,2,4,67098.59
590,1,30,27,55266.71
591,10,22,22,20985.74
592,10,1,3,1928.99
593,1,20,29,822.86
594,5,2,5,7540.17
595,13,7,10,3942.72
596,7,21,30,42974.73
597,3,6,9,75807.67
598,8,16,17,15164.45
599,5,2,5,20818.75
600,8,1,1,1320.21
601,5,2,4,25489.55
602,9,7,10,484.62
603,8,9,12,20373.94
604,3,27,24,5403.21
605,9,7,10,7436.96
606,2,7,10,4095.33
607,8,2,2,25325.62
608,3,22,22,31721.98
609,7,27,24,6499.88
610,3,21,30,51999.34
611,12,17,18,6985.22
612,15,26,28,2316.14
613,1,1,1,17286.57
614,7,18,19,12150.95
615,14,27,24,8552.74
616,13,10,13,2516.08
617,5,14,15,67435.16
618,3,17,18,19088.35
619,7,10,13,8102.96
620,2,9,12,48265.41
621,2,28,25,1097.98
622,4,14,15,71006.8
623,4,10,13,7421.69
624,12,14,15,57588.99
625,9,13,14,52900.09
626,4,10,13,7926.09
627,11,14,15,82511.76
628,6,3,6,13351.53
629,12,8,11,2476.76
630,10,17,18,1856.51
631,3,29,26,37261.49
632,5,7,10,11487.65
633,7,1,1,4622.66
634,13,10,13,4948.53
635,4,20,29,5598.52
636,13,2,4,23359.64
637,10,27,24,5082.88
638,10,3,6,30018.05
639,9,3,6,10885.91
640,11,22,22,27096.53
641,8,12,8,12611.91
642,15,10,13,382.91
643,1,1,1,14276.95
644,6,21,30,47321.15
645,9,3,6,25925.85
646,6,2,2,49697.63
647,5,10,13,6206.28
648,9,1,1,4065.49
649,7,21,30,68125.18
650,7,13,14,15264.04
651,13,29,26,22416.76
652,12,22,22,42157.13
653,12,29,26,46462.62
654,13,20,29,4170.07
655,8,12,8,18064.48
656,6,22,22,19643.27
657,14,25,21,51052.94
658,10,20,29,3413.98
659,5,7,10,10016.99
660,6,24,20,22628.12
661,13,8,11,2705.83
662,13,29,26,31347.09
663,11,3,6,31998.58
664,13,10,13,505.15
665,9,2,4,64134.38
666,12,10,13,1283.38
667,1,1,3,15181.96
668,5,29,26,39818.06
669,1,16,17,32425.25
670,8,16,17,8732.7
671,1,18,19,11080.05
672,9,23,23,5672.68
673,4,28,25,5276.56
674,9,9,12,51086.74
675,14,9,12,6985.6
676,14,22,22,30719.69
677,9,13,14,32237.26
678,8,2,4,9442.48
679,3,7,10,1609.04
680,13,12,8,12159.21
681,5,16,17,46568.93
682,1,1,1,18201.65
683,1,1,1,3433.47
684,14,11,7,20132.58
685,1,11,7,6368.13
686,4,9,12,46637.49
687,6,18,19,1539.98
688,13,1,3,36920.14
689,10,1,3,5772.59
690,7,28,25,23299.52
691,11,29,26,7378.01
692,13,16,17,53160.44
693,4,23,23,73929.17
694,12,14,15,43066.42
695,5,1,1,19771.04
696,2,1,1,18540.79
697,8,29,26,21902.0
698,5,7,10,3950.78
699,8,7,10,7491.16
700,4,25,21,16512.54
701,15,21,30,12691.73
702,8,28,25,12685.74
703,13,25,21,75690.2
704,9,14,15,50855.96
705,5,20,29,3327.55
706,5,7,10,5997.28
707,7,27,24,22956.83
708,3,20,29,3097.95
709,13,8,11,2455.81
710,9,2,4,58248.83
711,5,1,1,6125.79
712,3,23,23,5537.19
713,15,2,4,15532.62
714,3,21,30,22534.81
715,4,26,28,1915.52
716,7,26,28,1689.38
717,9,26,28,3224.02
718,13,17,18,4872.56
719,4,1,3,44164.73
720,8,15,16,4734.61
721,14,16,17,20903.62
722,1,15,16,295.29
723,5,24,20,19609.68
724,10,15,16,4117.51
725,5,23,23,39315.1
726,9,28,25,6578.45
727,8,16,17,3171.98
728,5,9,12,45886.44
729,12,24,20,17546.06
730,15,13,14,5140.72
731,15,2,2,62951.48
732,12,6,9,16135.73
733,14,2,5,13008.61
734,2,30,27,35788.85
735,15,15,16,552.13
736,12,21,30,20036.04
737,1,29,26,36203.79
738,15,16,17,10296.52
739,13,26,28,1368.9
740,3,13,14,67246.6
741,8,9,12,16565.45
742,4,2,2,52172.36
743,7,14,15,43193.14
744,11,2,4,46286.72
745,9,9,12,17768.84
746,1,28,25,2707.92
747,10,11,7,6362.73
748,7,10,13,6298.61
749,6,2,2,58995.54
750,10,7,10,5932.41
751,3,24,20,32334.05
752,8,2,5,22504.54
753,12,9,12,29315.26
754,6,24,20,23719.31
755,4,21,30,28897.16
756,14,2,5,13866.89
757,12,10,13,3331.25
758,1,2,4,56092.75
759,2,22,22,22209.69
760,1,1,3,34967.94
761,11,3,6,11558.55
762,12,22,22,4433.61
763,14,16,17,24254.37
764,2,30,27,8528.88
765,1,2,4,61990.89
766,9,3,6,6671.71
767,1,3,6,48836.82
768,14,14,15,38719.87
769,1,20,29,6185.82
770,1,2,2,13402.19
771,8,22,22,27649.75
772,14,27,24,25067.4
773,5,26,28,1137.83
774,11,1,3,25678.93
775,7,24,20,4955.15
776,13,15,16,4615.33
777,14,8,11,10054.76
778,4,8,11,9171.87
779,1,29,26,5161.35
780,13,23,23,10599.82
781,14,18,19,7847.96
782,10,7,10,8359.02
783,3,7,10,11285.78
784,11,2,2,5363.3
785,1,2,2,62218.9
786,15,13,14,15480.98
787,10,9,12,30566.43
788,7,10,13,2995.92
789,6,15,16,3313.93
790,9,3,6,14486.06
791,3,18,19,569.16
792,12,2,5,17916.35
793,14,26,28,1543.91
794,1,10,13,3356.55
795,6,21,30,41714.21
796,9,30,27,6770.31
797,1,1,1,4091.4
798,11,20,29,849.34
799,7,1,3,46680.94
800,14,11,7,38887.76
801,15,11,7,36177.53
802,11,7,10,7003.29
803,6,25,21,22311.16
804,5,27,24,10257.21
805,6,20,29,2735.06
806,6,1,3,15943.06
807,8,21,30,16035.0
808,14,8,11,12446.2
809,12,27,24,3078.99
810,6,2,4,63867.65
811,10,14,15,16337.54
812,11,3,6,14498.54
813,3,3,6,35360.7
814,7,9,12,48389.41
815,5,21,30,4059.51
816,15,10,13,5437.14
817,7,1,3,16739.12
818,9,21,30,44180.27
819,1,15,16,1443.21
820,9,23,23,32181.11
821,6,25,21,53947.17
822,3,7,10,6376.53
823,15,13,14,73249.22
824,7,6,9,48465.09
825,13,2,4,2774.16
826,3,21,30,43053.86
827,5,2,4,26893.05
828,6,26,28,3747.04
829,2,9,12,6725.08
830,4,11,7,910.79
831,8,29,26,44103.12
832,6,2,2,63829.89
833,10,2,5,3126.31
834,9,26,28,3404.56
835,9,27,24,16499.65
836,2,23,23,7273.01
837,14,17,18,19721.78
838,6,6,9,43705.31
839,1,15,16,1305.51
840,8,17,18,3731.27
841,8,22,22,19560.35
842,3,23,23,9580.45
843,12,9,12,56458.37
844,6,23,23,35276.82
845,7,2,4,29222.66
846,4,20,29,1907.68
847,5,17,18,19280.8
848,11,25,21,29136.61
849,14,6,9,60341.49
850,2,10,13,385.6
851,11,1,3,10316.38
852,2,2,5,23826.25
853,11,6,9,33573.45
854,9,12,8,16834.04
855,15,2,4,66648.84
856,13,18,19,6455.02
857,3,29,26,5367.66
858,14,22,22,16839.12
859,7,3,6,42316.79
860,4,2,5,1447.04
861,13,10,13,1844.99
862,8,29,26,31852.99
863,5,16,17,35439.69
864,8,2,4,32088.22
865,8,14,15,57507.1
866,9,20,29,3954.32
867,3,2,5,21066.91
868,6,28,25,53379.53
869,15,29,26,55781.16
870,10,10,13,3316.93
871,8,22,22,37456.82
872,7,9,12,59972.59
873,15,27,24,4023.13
874,1,14,15,64291.43
875,8,1,1,18190.74
876,5,12,8,20322.57
877,9,30,27,10516.99
878,13,30,27,49690.24
879,4,30,27,29511.67
880,1,1,3,39972.77
881,3,26,28,865.7
882,6,9,12,10770.01
883,15,3,6,11232.5
884,12,9,12,21931.66
885,11,28,25,17945.75
886,14,12,8,3296.78
887,6,29,26,27389.48
888,14,15,16,1711.39
889,8,25,21,7374.47
890,2,2,4,51235.15
891,1,22,22,9265.51
892,13,20,29,3875.34
893,7,12,8,3074.03
894,10,10,13,184.05
895,10,20,29,3798.0
896,3,28,25,38117.68
897,9,28,25,18397.07
898,9,25,21,30943.41
899,12,30,27,39580.74
900,2,20,29,2876.11
901,2,17,18,1920.65
902,3,10,13,3900.54
903,11,30,27,6309.04
904,5,26,28,1633.54
905,4,2,2,52447.56
906,10,26,28,410.21
907,3,30,27,43008.59
908,7,27,24,18000.77
909,4,22,22,7250.87
910,13,16,17,19706.19
911,12,12,8,16633.16
912,10,9,12,27959.43
913,7,18,19,1510.13
914,14,15,16,4291.85
915,9,30,27,23809.05
916,2,2,4,16316.87
917,5,16,17,55505.54
918,12,2,2,7578.03
919,15,2,4,37011.01
920,3,25,21,33791.94
921,1,25,21,37849.57
922,6,12,8,5404.56
923,11,2,2,28047.78
924,5,2,4,46543.21
925,4,29,26,61817.08
926,1,30,27,52945.88
927,11,2,5,18907.3
928,8,10,13,2162.27
929,3,21,30,25238.06
930,7,2,2,55423.54
931,9,1,1,4434.42
932,13,26,28,745.56
933,1,11,7,4472.62
934,1,21,30,51356.02
935,2,22,22,21859.55
936,9,10,13,4253.2
937,9,8,11,1874.46
938,10,7,10,6798.59
939,1,2,2,7352.17
940,10,26,28,1480.94
941,10,6,9,71406.19
942,8,7,10,7964.59
943,1,13,14,75101.72
944,14,9,12,61550.88
945,13,8,11,11996.22
946,7,6,9,26692.87
947,11,7,10,7079.3
948,1,25,21,29994.11
949,7,20,29,4365.76
950,13,10,13,8961.75
951,2,8,11,7589.74
952,11,3,6,11166.43
953,12,28,25,52357.33
954,5,27,24,15920.37
955,3,24,20,3083.4
956,8,2,2,28592.8
957,7,2,5,8237.07
958,9,10,13,9214.29
959,4,22,22,37895.38
960,5,17,18,11560.66
961,15,1,3,47580.67
962,12,21,30,69322.73
963,8,3,6,38312.73
964,1,23,23,53951.28
965,10,29,26,18111.88
966,2,15,16,4841.75
967,1,3,6,18617.74
968,7,25,21,56002.49
969,6,9,12,26983.68
970,1,28,25,45994.76
971,7,6,9,52870.38
972,2,30,27,66980.97
973,15,26,28,3152.44
974,7,21,30,37644.26
975,5,2,4,56436.0
976,3,25,21,32170.19
977,4,26,28,1340.47
978,2,20,29,4978.77
979,8,1,3,31424.35
980,10,18,19,10342.31
981,12,29,26,28519.01
982,13,11,7,38193.92
983,8,11,7,41927.95
984,12,6,9,75990.71
985,3,16,17,39314.58
986,14,11,7,6366.85
987,4,15,16,2972.09
988,8,30,27,12412.12
989,3,2,5,2937.3
990,11,26,28,2319.96
991,14,2,4,27220.24
992,6,15,16,3949.99
993,15,12,8,7402.58
994,9,2,4,18351.86
995,4,13,14,22522.14
996,4,30,27,33807.83
997,13,16,17,11203.13
998,9,20,29,4871.77
999,4,26,28,1674.07
1000,12,3,6,8050.86
1001,12,30,27,50827.78
1002,6,14,15,11625.49
1003,8,14,15,65366.47
1004,11,24,20,18345.76
1005,13,13,14,58424.35
1006,15,25,21,55090.76
1007,4,6,9,84101.34
1008,7,23,23,22688.19
1009,4,3,6,25437.24
1010,1,13,14,4535.01
1011,2,29,26,28303.92
1012,12,15,16,4040.36
1013,5,15,16,2078.76
1014,2,7,10,7946.67
1015,12,30,27,26990.19
1016,14,10,13,3629.17
1017,6,8,11,1751.05
1018,13,3,6,41217.9
1019,9,3,6,16033.03
1020,8,3,6,3812.15
1021,8,2,4,4439.09
1022,8,2,4,63529.73
1023,3,8,11,8686.2
1024,4,27,24,547.35
1025,5,24,20,26261.01
1026,10,18,19,7715.94
1027,1,12,8,25104.36
1028,1,29,26,42804.99
1029,12,13,14,42256.17
1030,12,12,8,19019.5
1031,11,21,30,59936.85
1032,15,18,19,11434.46
1033,7,27,24,17879.57
1034,11,2,5,7216.9
1035,4,25,21,32623.8
1036,12,26,28,1913.42
1037,6,24,20,19382.7
1038,8,27,24,13240.58
1039,10,18,19,13174.61
1040,12,8,11,7948.12
1041,5,2,4,54305.66
1042,5,26,28,1442.04
1043,10,29,26,35986.06
1044,9,16,17,11733.93
1045,7,6,9,56243.59
1046,7,10,13,6534.66
1047,6,17,18,7704.61
1048,3,10,13,4169.83
1049,15,2,2,39935.65
1050,5,30,27,6774.27
1051,5,14,15,39553.38
1052,15,24,20,6686.15
1053,4,21,30,52451.66
1054,2,1,1,18771.39
1055,5,26,28,3195.84
1056,8,28,25,16094.67
1057,7,8,11,7021.47
1058,2,1,3,34042.03
1059,4,14,15,63688.83
1060,11,6,9,80076.04
1061,9,20,29,3848.03
1062,6,13,14,43385.0
1063,12,3,6,35633.48
1064,5,28,25,6942.22
1065,12,11,7,4347.51
1066,11,9,12,9364.19
1067,9,29,26,26514.75
1068,5,21,30,70496.24
1069,10,12,8,10116.48
1070,10,12,8,29961.75
1071,9,11,7,14049.33
1072,3,25,21,10236.27
1073,2,24,20,33190.19
1074,12,6,9,34740.09
1075,13,17,18,12908.84
1076,5,29,26,34160.33
1077,8,28,25,37728.94
1078,1,8,11,6767.91
1079,14,8,11,683.11
1080,9,22,22,26693.36
1081,4,1,1,3534.53
1082,8,12,8,9558.59
1083,9,16,17,36352.11
1084,6,26,28,2019.27
1085,7,14,15,53590.36
1086,1,18,19,12832.8
1087,15,2,4,16105.06
1088,3,14,15,26693.16
1089,14,18,19,1132.01
1090,3,11,7,43408.65
1091,14,29,26,29022.06
1092,11,15,16,4825.7
1093,11,1,3,15459.75
1094,8,21,30,64960.46
1095,8,22,22,40267.71
1096,7,10,13,2747.31
1097,15,14,15,11110.85
1098,12,14,15,10249.2
1099,1,11,7,9381.23
1100,13,11,7,19366.76
1101,8,18,19,4747.95
1102,6,1,3,3040.9
1103,15,27,24,6179.36
1104,9,12,8,5610.82
1105,14,16,17,12008.54
1106,15,1,1,5800.21
1107,8,16,17,19530.66
1108,14,26,28,1311.86
1109,12,10,13,4245.89
1110,15,28,25,12741.83
1111,14,13,14,17616.26
1112,15,13,14,70015.16
1113,10,17,18,24046.42
1114,6,7,10,631.82
1115,5,24,20,15595.89
1116,8,16,17,28432.14
1117,15,10,13,9107.52
1118,7,22,22,14722.16
1119,10,7,10,11236.05
1120,13,15,16,3375.59
1121,8,24,20,24569.27
1122,3,8,11,2116.4
1123,10,29,26,24492.79
1124,3,18,19,1589.34
1125,9,28,25,3223.77
1126,3,16,17,52139.22
1127,15,14,15,54316.06
1128,9,22,22,26016.77
1129,3,26,28,1495.66
1130,10,29,26,32161.2
1131,2,15,16,1442.2
1132,1,7,10,5802.97
1133,2,28,25,18804.68
1134,1,2,2,38094.13
1135,2,10,13,532.32
1136,13,12,8,25519.07
1137,5,30,27,49212.18
1138,10,17,18,536.31
1139,14,29,26,34106.7
1140,14,16,17,10433.55
1141,1,25,21,26269.55
1142,10,26,28,3439.95
1143,4,23,23,60069.97
1144,7,28,25,43904.22
1145,1,3,6,33460.33
1146,13,7,10,4199.49
1147,6,15,16,2468.43
1148,2,3,6,6043.87
1149,5,1,3,26700.98
1150,2,18,19,11407.11
1151,3,22,22,885.08
1152,9,12,8,31757.6
1153,5,2,4,1402.2
1154,12,9,12,6021.69
1155,2,2,4,34549.74
1156,10,27,24,4099.35
1157,11,24,20,11609.87
1158,9,17,18,6552.88
1159,12,28,25,20208.0
1160,14,8,11,705.68
1161,10,3,6,37840.8
1162,6,2,2,11615.34
1163,12,11,7,8815.34
1164,9,7,10,2425.94
1165,7,28,25,2034.69
1166,10,11,7,37979.05
1167,13,2,2,66994.2
1168,7,6,9,80575.18
1169,4,23,23,64018.53
1170,6,29,26,13398.69
1171,9,17,18,17171.31
1172,12,26,28,466.1
1173,15,2,4,36452.06
1174,11,1,3,12230.07
1175,8,18,19,3071.98
1176,10,2,4,39257.11
1177,2,18,19,3722.07
1178,6,23,23,17224.29
1179,4,18,19,5585.23
1180,11,1,3,47752.02
1181,4,14,15,10631.1
1182,9,24,20,29449.95
1183,12,18,19,11225.35
1184,2,15,16,3436.65
1185,6,17,18,4175.12
1186,7,17,18,11540.31
1187,8,2,2,43816.2
1188,14,20,29,1958.17
1189,5,24,20,13949.86
1190,4,27,24,14250.67
1191,6,8,11,10306.83
1192,3,6,9,1642.15
1193,10,12,8,13179.06
1194,10,1,1,6137.48
1195,11,3,6,18401.69
1196,3,23,23,71465.48
1197,3,22,22,21952.7
1198,2,2,4,39896.12
1199,13,16,17,6072.22
1200,8,12,8,18530.19
1201,3,23,23,24182.46
1202,14,18,19,475.51
1203,15,12,8,12059.52
1204,11,2,2,4587.38
1205,5,24,20,4843.95
1206,11,14,15,53752.77
1207,4,22,22,7453.53
1208,3,9,12,40294.65
1209,9,22,22,20589.89
1210,6,9,12,31913.53
1211,2,6,9,62578.93
1212,2,1,3,37400.13
1213,15,22,22,32326.24
1214,6,30,27,25341.09
1215,7,12,8,16362.37
1216,14,16,17,10328.1
1217,12,7,10,6893.89
1218,3,17,18,12573.06
1219,6,30,27,58330.17
1220,3,21,30,48996.55
1221,6,6,9,45844.03
1222,13,11,7,35760.69
1223,10,12,8,17599.46
1224,1,17,18,16212.11
1225,5,21,30,47066.41
1226,9,20,29,3139.7
1227,10,26,28,3523.98
1228,4,26,28,4345.49
1229,4,2,2,40323.09
1230,6,17,18,13205.14
1231,2,22,22,17285.91
1232,1,20,29,2279.54
1233,4,23,23,25203.27
1234,13,1,3,57071.54
1235,7,29,26,38543.84
1236,4,27,24,24115.48
1237,13,2,4,60770.58
1238,12,2,5,6584.58
1239,11,13,14,38407.94
1240,14,11,7,20811.5
1241,11,17,18,919.26
1242,11,28,25,12264.1
1243,11,2,4,15783.97
1244,8,1,1,6422.07
1245,15,1,1,7082.66
1246,9,18,19,5652.34
1247,12,2,5,12812.83
1248,12,29,26,34360.27
1249,4,1,1,1311.85
1250,12,1,1,3416.33
1251,6,3,6,1775.11
1252,14,13,14,76256.81
1253,5,1,3,14811.63
1254,4,20,29,5031.16
1255,6,7,10,5735.19
1256,6,1,1,17053.5
1257,9,20,29,3447.21
1258,5,2,5,9454.35
1259,7,18,19,2373.41
1260,11,7,10,8780.1
1261,7,30,27,56924.87
1262,8,10,13,1040.91
1263,15,22,22,19455.2
1264,8,29,26,38016.55
1265,7,6,9,29849.14
1266,13,7,10,10501.67
1267,14,16,17,33758.26
1268,11,16,17,34807.36
1269,8,15,16,2315.25
1270,3,30,27,59893.35
1271,7,17,18,18568.31
1272,1,2,5,2108.34
1273,4,26,28,1485.4
1274,11,13,14,56554.21
1275,5,16,17,44099.11
1276,8,25,21,19779.15
1277,2,21,30,25609.71
1278,12,25,21,75248.74
1279,11,2,5,1823.33
1280,12,9,12,49374.59
1281,8,27,24,16407.1
1282,5,16,17,21046.01
1283,13,29,26,60595.25
1284,14,22,22,35319.47
1285,4,25,21,37869.02
1286,6,24,20,40661.99
1287,5,28,25,47920.8
1288,2,15,16,2177.48
1289,11,13,14,61695.12
1290,14,28,25,27250.33
1291,1,2,2,74447.66
1292,6,18,19,5593.9
1293,9,6,9,14299.42
1294,5,26,28,3691.74
1295,7,21,30,10253.4
1296,12,17,18,23429.6
1297,15,28,25,43906.96
1298,8,26,28,3813.67
1299,3,12,8,20100.04
1300,10,21,30,70242.54
1301,11,13,14,77030.6
1302,15,26,28,1043.25
1303,12,13,14,67559.5
1304,3,2,4,49109.75
1305,4,16,17,39395.94
1306,4,25,21,26766.78
1307,13,17,18,12384.58
1308,9,1,1,10130.31
1309,7,1,1,7514.63
1310,14,2,5,25737.28
1311,2,14,15,42462.35
1312,15,13,14,45939.25
1313,8,3,6,48715.13
1314,10,22,22,19254.98
1315,4,7,10,9952.67
1316,9,10,13,7285.76
1317,6,2,5,10433.82
1318,1,7,10,6685.92
1319,10,21,30,20120.93
1320,2,28,25,45649.89
1321,7,30,27,52605.2
1322,13,29,26,23971.32
1323,1,30,27,24806.38
1324,9,16,17,41957.33
1325,11,2,4,11152.0
1326,8,3,6,15207.3
1327,4,10,13,1001.44
1328,15,25,21,43284.09
1329,1,13,14,32183.86
1330,5,21,30,27828.75
1331,13,2,5,6914.21
1332,3,1,3,51412.32
1333,5,25,21,47720.56
1334,5,10,13,1950.35
1335,8,16,17,1220.48
1336,2,22,22,28431.4
1337,4,2,4,36828.04
1338,5,1,3,39458.59
1339,15,8,11,12181.36
1340,2,21,30,21465.38
1341,7,9,12,26304.42
1342,6,9,12,58943.14
1343,1,2,2,32209.05
1344,4,11,7,46704.49
1345,5,23,23,55102.86
1346,2,2,2,5899.49
1347,4,10,13,3899.64
1348,13,24,20,19907.81
1349,13,23,23,32834.55
1350,3,27,24,13555.05
1351,12,2,4,9412.17
1352,13,15,16,1808.59
1353,13,26,28,4239.57
1354,11,14,15,35415.6
1355,12,28,25,39695.14
1356,10,12,8,2702.04
1357,7,11,7,25050.42
1358,1,20,29,1380.88
1359,7,30,27,51133.82
1360,8,21,30,15830.07
1361,4,27,24,7650.06
1362,14,27,24,10930.39
1363,2,8,11,2764.8
1364,4,10,13,3467.96
1365,15,27,24,5307.32
1366,7,12,8,9944.02
1367,9,27,24,6519.48
1368,3,26,28,3673.94
1369,9,22,22,6441.69
1370,15,12,8,8013.74
1371,8,11,7,18179.28
1372,5,26,28,90.8
1373,4,2,2,55362.62
1374,2,7,10,8737.5
1375,4,1,3,9165.16
1376,15,1,1,11124.3
1377,9,13,14,58797.95
1378,13,23,23,40789.72
1379,1,9,12,57946.55
1380,12,17,18,1757.53
1381,4,14,15,46714.49
1382,9,6,9,35106.79
1383,11,25,21,1552.06
1384,11,1,1,15094.38
1385,13,27,24,3006.67
1386,14,27,24,21668.51
1387,10,10,13,7645.57
1388,5,3,6,25358.98
1389,10,11,7,37187.12
1390,9,10,13,6141.58
1391,8,11,7,46621.41
1392,4,16,17,35165.97
1393,14,2,5,5055.45
1394,15,15,16,3329.8
1395,11,27,24,22232.23
1396,7,9,12,10488.55
1397,2,6,9,39764.25
1398,12,2,4,65598.1
1399,2,2,5,11114.03
1400,8,21,30,66640.65
1401,4,21,30,4757.01
1402,14,11,7,21578.96
1403,13,2,5,14544.84
1404,12,6,9,10642.32
1405,5,12,8,17554.18
1406,6,2,4,12621.96
1407,15,22,22,28296.66
1408,7,18,19,6965.07
1409,14,25,21,40041.7
1410,5,22,22,45663.39
1411,14,3,6,888.02
1412,7,21,30,25606.48
1413,7,30,27,14523.61
1414,15,24,20,719.05
1415,13,26,28,4377.52
1416,14,2,4,45921.2
1417,4,20,29,615.62
1418,5,1,3,37900.16
1419,12,2,4,37250.27
1420,6,1,3,29118.56
1421,14,11,7,3499.9
1422,14,30,27,10570.56
1423,12,27,24,17669.64
1424,11,21,30,52802.77
1425,13,26,28,652.58
1426,4,9,12,45304.94
1427,8,1,3,50547.13
1428,1,1,1,9766.77
1429,9,11,7,33581.55
1430,9,7,10,1831.75
1431,4,22,22,26974.07
1432,7,15,16,1223.11
1433,7,11,7,23493.14
1434,12,6,9,48084.82
1435,3,18,19,3228.91
1436,2,12,8,15706.14
1437,5,7,10,3817.19
1438,5,2,5,18487.36
1439,9,1,1,12553.12
1440,10,2,4,33512.87
1441,5,16,17,3766.55
1442,13,14,15,83103.53
1443,12,25,21,4305.79
1444,6,6,9,46925.44
1445,9,24,20,8007.51
1446,12,22,22,14330.04
1447,5,23,23,66116.86
1448,9,2,4,62806.18
1449,15,10,13,4418.46
1450,2,3,6,52465.24
1451,9,10,13,3790.98
1452,7,3,6,28915.86
1453,8,2,5,8407.19
1454,13,12,8,20456.08
1455,9,2,5,21171.04
1456,9,1,1,13511.9
1457,11,1,3,51873.03
1458,5,23,23,45088.41
1459,2,13,14,63147.54
1460,11,28,25,38185.64
1461,5,3,6,19519.75
1462,3,21,30,7753.08
1463,6,1,1,5482.62
1464,8,8,11,10925.22
1465,4,1,1,2098.3
1466,7,2,5,15303.69
1467,1,21,30,39900.38
1468,13,8,11,7965.64
1469,13,21,30,22171.67
1470,6,8,11,12097.78
1471,4,10,13,7523.55
1472,15,17,18,10152.21
1473,6,18,19,2692.33
1474,15,16,17,42717.21
1475,11,6,9,80185.08
1476,4,29,26,1392.0
1477,6,24,20,20117.94
1478,15,1,3,2348.81
1479,4,24,20,24666.34
1480,7,7,10,2760.43
1481,11,29,26,23271.78
1482,2,28,25,44319.03
1483,13,14,15,53304.11
1484,15,7,10,2391.72
1485,5,6,9,36451.66
1486,3,17,18,15238.48
1487,4,26,28,2612.8
1488,5,1,1,14456.04
1489,13,13,14,13283.51
1490,6,29,26,26372.02
1491,12,21,30,26160.75
1492,13,22,22,39319.1
1493,7,8,11,4267.14
1494,5,18,19,7389.58
1495,12,21,30,19007.65
1496,9,21,30,69130.43
1497,9,14,15,71648.41
1498,15,13,14,76499.4
1499,1,7,10,7602.8
1500,9,6,9,19708.65
1501,8,7,10,2834.24
1502,14,27,24,10356.19
1503,7,27,24,12024.36
1504,1,17,18,7639.91
1505,14,22,22,16899.15
1506,12,23,23,38253.9
1507,3,30,27,45475.94
1508,9,2,2,72161.17
1509,7,11,7,20775.11
1510,12,20,29,253.86
1511,4,6,9,48056.31
1512,8,28,25,30459.21
1513,13,7,10,468.27
1514,9,28,25,16512.3
1515,1,1,1,6672.38
1516,12,18,19,8005.2
1517,6,27,24,6624.71
1518,2,23,23,69384.07
1519,3,23,23,51813.3
1520,6,26,28,1348.67
1521,1,2,4,48422.98
1522,2,10,13,2648.3
1523,6,12,8,9980.42
1524,6,2,5,3471.67
1525,10,3,6,41854.31
1526,1,1,3,18969.01
1527,3,6,9,10482.03
1528,2,7,10,9570.82
1529,7,17,18,16441.06
1530,1,7,10,7765.69
1531,6,11,7,25759.61
1532,12,29,26,1240.48
1533,10,9,12,54156.51
1534,6,20,29,4498.92
1535,4,20,29,5197.57
1536,15,2,2,6551.43
1537,2,7,10,972.66
1538,11,21,30,1539.9
1539,12,8,11,10285.55
1540,7,2,2,24109.1
1541,11,2,4,10563.19
1542,13,25,21,54635.53
1543,12,6,9,26092.31
1544,15,30,27,35585.27
1545,11,7,10,5557.45
1546,7,10,13,2832.93
1547,4,30,27,67988.25
1548,3,24,20,12402.94
1549,13,8,11,8896.32
1550,9,1,1,8429.49
1551,3,2,2,37454.54
1552,8,23,23,4295.31
1553,10,14,15,13138.32
1554,13,20,29,3495.66
1555,4,30,27,14259.62
1556,6,9,12,2646.3
1557,15,2,4,69287.04
1558,10,1,3,31523.87
1559,3,26,28,2620.36
1560,11,27,24,13865.57
1561,2,30,27,32595.18
1562,15,7,10,7194.96
1563,6,11,7,38991.44
1564,4,11,7,15859.7
1565,14,10,13,4772.44
1566,9,24,20,11975.91
1567,6,2,4,70696.67
1568,12,14,15,54827.76
1569,2,15,16,308.93
1570,9,1,1,8587.5
1571,4,1,1,12582.81
1572,2,15,16,2992.36
1573,6,1,1,14190.2
1574,9,11,7,7794.98
1575,3,3,6,30484.8
1576,1,10,13,7611.54
1577,14,15,16,3767.72
1578,4,22,22,37105.48
1579,8,18,19,12046.34
1580,6,24,20,36317.59
1581,8,2,5,4607.31
1582,6,2,5,3589.28
1583,6,2,4,40005.81
1584,13,30,27,23668.18
1585,5,2,4,51612.18
1586,1,9,12,8363.77
1587,8,11,7,51192.94
1588,7,2,2,20523.99
1589,12,24,20,28516.2
1590,1,17,18,10044.64
1591,2,13,14,67337.74
1592,1,11,7,39449.07
1593,15,15,16,4293.05
1594,12,14,15,31517.02
1595,10,2,5,26094.11
1596,15,25,21,48925.44
1597,10,7,10,5542.26
1598,11,6,9,81237.8
1599,11,12,8,1332.58
1600,3,18,19,9806.93
1601,4,17,18,7561.71
1602,3,26,28,1639.43
1603,13,16,17,58459.49
1604,14,2,5,20170.93
1605,6,21,30,1340.85
1606,10,23,23,47301.21
1607,9,17,18,5173.65
1608,9,7,10,4822.14
1609,1,3,6,848.52
1610,15,15,16,836.42
1611,12,20,29,5111.42
1612,9,1,1,11732.65
1613,8,30,27,1314.7
1614,13,2,2,58353.49
1615,15,1,3,7164.59
1616,2,16,17,14393.45
1617,10,18,19,8206.3
1618,9,17,18,25779.83
1619,3,11,7,31091.77
1620,14,29,26,10321.91
1621,12,1,3,49020.21
1622,2,29,26,56431.44
1623,6,12,8,18747.37
1624,3,1,1,8570.5
1625,13,1,1,16305.05
1626,14,30,27,48831.31
1627,6,12,8,35527.13
1628,1,13,14,32144.59
1629,15,12,8,26808.95
1630,2,22,22,39521.68
1631,14,1,1,7580.07
1632,14,2,4,51143.72
1633,2,9,12,1316.23
1634,1,29,26,54717.26
1635,13,20,29,376.77
1636,4,12,8,14529.1
1637,6,25,21,17033.64
1638,8,1,3,28698.0
1639,5,7,10,2989.38
1640,5,25,21,51398.04
1641,5,27,24,15155.17
1642,3,15,16,3409.1
1643,7,10,13,802.75
1644,1,12,8,7014.28
1645,10,9,12,59288.14
1646,4,22,22,29481.18
1647,8,2,5,5626.33
1648,6,27,24,23939.0
1649,3,1,1,13220.96
1650,8,26,28,3096.82
1651,5,20,29,5403.16
1652,15,2,5,10902.1
1653,7,3,6,44101.6
1654,15,1,1,2724.11
1655,14,2,2,9085.4
1656,1,13,14,32524.95
1657,6,11,7,18266.37
1658,13,2,2,59321.88
1659,12,11,7,6193.28
1660,14,2,2,63408.75
1661,8,24,20,27626.2
1662,15,23,23,36506.89
1663,6,8,11,3060.6
1664,1,21,30,23645.96
1665,11,18,19,5954.85
1666,15,8,11,5583.33
1667,11,25,21,27577.41
1668,7,13,14,53139.72
1669,15,15,16,2601.25
1670,3,29,26,35272.38
1671,10,24,20,28665.08
1672,2,1,1,20228.79
1673,6,15,16,2019.96
1674,13,25,21,64473.34
1675,12,11,7,8739.9
1676,4,28,25,7377.75
1677,13,13,14,58454.82
1678,13,22,22,12039.35
1679,1,6,9,8139.04
1680,14,8,11,6445.65
1681,10,12,8,21994.05
1682,5,7,10,4794.15
1683,11,9,12,5771.72
1684,15,26,28,3534.56
1685,6,27,24,20808.08
1686,4,3,6,29200.61
1687,4,1,3,1101.59
1688,6,28,25,46158.4
1689,2,27,24,1813.06
1690,8,12,8,27233.95
1691,5,27,24,6422.77
1692,6,17,18,10067.12
1693,6,16,17,55109.07
1694,6,28,25,2754.74
1695,2,6,9,15612.56
1696,13,22,22,32025.26
1697,13,3,6,34982.83
1698,10,13,14,43749.01
1699,3,13,14,4503.56
1700,8,29,26,32480.42
1701,8,2,2,55855.26
1702,11,7,10,6680.6
1703,7,22,22,11231.85
1704,4,16,17,37347.6
1705,5,29,26,15300.24
1706,1,18,19,6817.38
1707,14,8,11,9238.65
1708,7,2,4,37427.34
1709,9,1,1,13346.88
1710,10,20,29,3705.78
1711,9,1,1,7824.65
1712,6,2,4,31825.67
1713,11,7,10,3584.51
1714,14,1,1,16519.77
1715,11,22,22,34549.36
1716,14,11,7,13012.69
1717,4,20,29,4758.55
1718,11,9,12,19541.2
1719,11,17,18,21613.49
1720,12,1,3,7974.46
1721,10,18,19,10158.7
1722,7,13,14,65071.99
1723,14,2,5,2955.71
1724,14,12,8,26375.22
1725,11,9,12,22381.75
1726,2,27,24,13678.62
1727,9,26,28,445.66
1728,2,8,11,4457.56
1729,5,15,16,1710.1
1730,13,22,22,40271.89
1731,5,20,29,2324.14
1732,9,16,17,58582.87
1733,9,1,1,11555.98
1734,4,3,6,11849.83
1735,8,2,2,53936.36
1736,2,20,29,3697.57
1737,4,21,30,14531.49
1738,4,24,20,35290.8
1739,11,6,9,46307.25
1740,15,13,14,29495.0
1741,9,23,23,45687.17
1742,15,30,27,25756.2
1743,14,10,13,6930.31
1744,2,27,24,12624.9
1745,10,25,21,1305.73
1746,8,6,9,64654.94
1747,10,25,21,30368.97
1748,9,11,7,44455.3
1749,15,27,24,2972.28
1750,2,29,26,3397.18
1751,11,7,10,1541.85
1752,9,20,29,4860.75
1753,7,30,27,54090.18
1754,4,29,26,41983.69
1755,10,25,21,7136.01
1756,5,11,7,37184.19
1757,6,17,18,14005.29
1758,14,2,4,72872.73
1759,10,15,16,3542.88
1760,13,10,13,7041.16
1761,8,27,24,23359.17
1762,11,30,27,54868.75
1763,12,10,13,3640.98
1764,4,13,14,57607.17
1765,9,17,18,20358.71
1766,5,28,25,12139.33
1767,12,26,28,1983.83
1768,9,7,10,2689.61
1769,7,20,29,3603.46
1770,15,2,4,44550.7
1771,5,1,1,16495.36
1772,12,26,28,4448.18
1773,6,28,25,4481.7
1774,15,16,17,49218.83
1775,12,26,28,1041.25
1776,8,15,16,4337.25
1777,9,13,14,18640.95
1778,3,28,25,21110.69
1779,3,28,25,32121.05
1780,12,25,21,21991.85
1781,9,13,14,75989.55
1782,15,3,6,18058.4
1783,13,22,22,5745.04
1784,11,6,9,12244.62
1785,7,21,30,71119.42
1786,2,20,29,3338.16
1787,13,14,15,52781.44
1788,8,18,19,735.41
1789,4,21,30,53117.54
1790,6,6,9,38905.9
1791,7,27,24,5315.88
1792,6,30,27,28506.67
1793,3,2,4,22689.34
1794,15,2,2,9367.62
1795,6,13,14,69764.62
1796,1,16,17,22061.97
1797,5,3,6,21533.05
1798,12,9,12,40576.49
1799,10,2,4,32701.16
1800,15,1,1,4276.34
1801,7,13,14,10243.49
1802,9,13,14,4973.65
1803,8,21,30,53545.5
1804,5,10,13,5325.79
1805,10,28,25,32996.57
1806,2,16,17,24140.14
1807,5,25,21,38249.25
1808,10,18,19,849.48
1809,9,29,26,49093.52
1810,15,17,18,22290.15
1811,1,2,2,9245.1
1812,1,7,10,2553.16
1813,10,13,14,49233.51
1814,14,2,4,58278.82
1815,2,27,24,2323.05
1816,7,15,16,2248.87
1817,1,26,28,1659.52
1818,3,21,30,51523.52
1819,8,1,3,44274.65
1820,12,1,1,17457.34
1821,2,21,30,43848.99
1822,10,13,14,11434.01
1823,10,1,3,18655.41
1824,10,18,19,5513.97
1825,11,13,14,51828.84
1826,6,10,13,2523.9
1827,2,27,24,1088.25
1828,9,24,20,20800.58
1829,6,2,2,68378.69
1830,8,9,12,5366.16
1831,10,14,15,11962.74
1832,8,30,27,18145.71
1833,11,13,14,54773.64
1834,7,1,3,9203.82
1835,10,3,6,42411.43
1836,10,24,20,35703.32
1837,10,2,4,56365.03
1838,11,2,4,70463.05
1839,5,16,17,4330.23
1840,11,7,10,6167.6
1841,5,6,9,21476.04
1842,8,14,15,68766.7
1843,7,2,2,15800.27
1844,11,20,29,4136.94
1845,5,3,6,7645.99
1846,14,29,26,29901.15
1847,11,29,26,58905.77
1848,15,11,7,22110.52
1849,7,15,16,3783.84
1850,7,3,6,19403.58
1851,4,16,17,3005.24
1852,14,2,2,30948.82
1853,3,25,21,19943.63
1854,4,23,23,41118.32
1855,6,24,20,12343.07
1856,8,15,16,698.2
1857,4,24,20,22164.04
1858,3,9,12,54178.56
1859,15,7,10,7117.09
1860,1,23,23,31523.41
1861,2,24,20,23206.61
1862,9,13,14,74085.16
1863,11,2,2,26517.25
1864,12,27,24,5210.02
1865,8,14,15,61987.43
1866,7,2,4,23803.29
1867,5,8,11,6680.66
1868,1,24,20,14722.09
1869,4,30,27,10703.83
1870,8,18,19,10902.24
1871,5,3,6,44429.88
1872,8,6,9,29518.7
1873,10,7,10,1790.97
1874,11,26,28,3818.5
1875,5,28,25,17978.83
1876,9,12,8,4715.06
1877,12,28,25,46890.5
1878,14,23,23,4159.32
1879,12,18,19,7955.86
1880,6,13,14,28237.39
1881,3,2,2,8519.05
1882,8,6,9,65947.45
1883,11,28,25,19593.59
1884,15,11,7,39347.07
1885,3,30,27,23678.85
1886,4,24,20,28868.37
1887,10,12,8,22284.56
1888,11,24,20,33254.81
1889,12,30,27,43732.47
1890,2,16,17,13407.03
1891,11,29,26,47138.34
1892,4,23,23,66461.22
1893,7,27,24,3631.77
1894,8,8,11,3942.19
1895,10,15,16,3149.44
1896,15,20,29,4105.75
1897,2,15,16,2420.49
1898,15,13,14,3423.26
1899,2,9,12,41443.43
1900,7,20,29,639.87
1901,3,27,24,20418.55
1902,6,27,24,2489.54
1903,12,26,28,2305.52
1904,15,9,12,52264.7
1905,11,13,14,77021.7
1906,4,9,12,34071.39
1907,8,13,14,36601.68
1908,11,18,19,6843.97
1909,8,16,17,48362.81
1910,10,9,12,20964.03
1911,3,12,8,2925.36
1912,1,9,12,61542.99
1913,14,3,6,35966.45
1914,6,20,29,2017.1
1915,15,2,5,8512.77
1916,10,16,17,44619.31
1917,15,27,24,24828.47
1918,10,15,16,3237.24
1919,4,3,6,23375.0
1920,3,2,4,81879.23
1921,6,27,24,12000.2
1922,11,2,4,72475.92
1923,14,26,28,844.65
1924,2,22,22,2411.55
1925,13,25,21,35994.75
1926,8,20,29,4870.5
1927,2,22,22,43331.08
1928,13,6,9,79583.88
1929,1,1,1,9587.39
1930,14,24,20,14121.96
1931,15,7,10,1755.48
1932,9,2,4,26797.95
1933,4,20,29,1496.34
1934,9,30,27,39804.26
1935,5,6,9,7027.12
1936,1,10,13,3476.37
1937,7,6,9,75323.59
1938,9,1,3,12032.46
1939,3,10,13,5109.05
1940,4,1,1,11816.81
1941,1,24,20,5674.62
1942,8,23,23,49775.72
1943,15,13,14,33756.88
1944,9,8,11,8271.91
1945,3,10,13,835.71
1946,6,1,3,46091.81
1947,15,18,19,3286.44
1948,10,11,7,47735.88
1949,13,22,22,2826.68
1950,10,6,9,4621.88
1951,7,17,18,4213.36
1952,9,2,4,4467.78
1953,15,9,12,46024.21
1954,1,21,30,60542.14
1955,6,23,23,58123.02
1956,8,16,17,16556.23
1957,8,21,30,31830.92
1958,10,1,1,2419.49
1959,1,21,30,38435.42
1960,6,2,4,30454.09
1961,9,17,18,7569.49
1962,12,1,1,12577.33
1963,9,10,13,2595.14
1964,11,1,3,2079.43
1965,7,15,16,1830.54
1966,14,8,11,3117.83
1967,12,8,11,2250.82
1968,12,14,15,78136.93
1969,13,14,15,56170.5
1970,12,16,17,41577.84
1971,15,20,29,5284.39
1972,7,2,4,8663.17
1973,6,16,17,24366.71
1974,4,2,4,25799.12
1975,4,14,15,50283.52
1976,12,1,1,8909.74
1977,12,11,7,36517.94
1978,3,21,30,66734.25
1979,1,1,1,13317.56
1980,12,17,18,3695.73
1981,15,3,6,10479.55
1982,15,14,15,52603.63
1983,8,6,9,44412.44
1984,13,25,21,10702.77
1985,7,17,18,15294.23
1986,1,14,15,27144.36
1987,1,12,8,29417.8
1988,11,3,6,17860.53
1989,7,2,2,21022.96
1990,11,28,25,29832.73
1991,9,30,27,31946.33
1992,2,17,18,17493.37
1993,12,2,2,19954.82
1994,9,22,22,29178.55
1995,11,9,12,1181.13
1996,9,26,28,2015.42
1997,8,24,20,32535.89
1998,13,22,22,13674.08
1999,14,11,7,29764.17
2000,3,10,13,4688.09
2001,9,14,15,60193.0
2002,12,11,7,10832.86
2003,7,1,3,20277.38
2004,5,7,10,8505.05
2005,6,26,28,3062.35
2006,12,23,23,35981.5
2007,5,27,24,23508.16
2008,2,1,1,5795.13
2009,1,18,19,4210.54
2010,5,7,10,4883.0
2011,8,2,4,8503.06
2012,12,30,27,2698.71
2013,9,3,6,38092.03
2014,7,16,17,43862.25
2015,11,8,11,3637.46
2016,8,23,23,12265.94
2017,9,9,12,9342.89
2018,15,2,2,24673.93
2019,6,21,30,2637.35
2020,13,22,22,5650.62
2021,8,10,13,4786.76
2022,5,24,20,4758.42
2023,15,14,15,68074.45
2024,7,27,24,23445.84
2025,13,1,3,54775.88
2026,6,21,30,26936.6
2027,12,12,8,6689.18
2028,1,2,2,61640.25
2029,6,17,18,22255.99
2030,2,16,17,21654.46
2031,14,26,28,4019.17
2032,11,20,29,4743.29
2033,1,15,16,426.36
2034,4,13,14,76415.57
2035,3,10,13,6872.53
2036,6,2,4,18844.59
2037,12,13,14,83397.28
2038,14,15,16,2602.6
2039,6,28,25,27475.6
2040,12,10,13,4011.37
2041,14,15,16,525.59
2042,12,25,21,19070.82
2043,14,1,3,12094.08
2044,12,23,23,65269.87
2045,11,8,11,1343.75
2046,3,20,29,2319.3
2047,4,30,27,57436.57
2048,5,18,19,3049.62
2049,11,9,12,24254.3
2050,13,6,9,73023.64
2051,14,14,15,13677.94
2052,10,29,26,67293.65
2053,3,6,9,46341.96
2054,13,18,19,11141.6
2055,1,2,5,2603.81
2056,5,12,8,1322.86
2057,3,2,4,4768.02
2058,10,29,26,55328.72
2059,4,15,16,4438.64
2060,1,28,25,21173.44
2061,6,8,11,10003.18
2062,2,1,1,5133.13
2063,7,12,8,15501.82
2064,15,26,28,2240.54
2065,9,21,30,13655.49
2066,13,27,24,7787.94
2067,14,18,19,9266.52
2068,4,28,25,21840.71
2069,12,14,15,35700.85
2070,5,11,7,4176.86
2071,13,21,30,8482.59
2072,3,2,4,35390.66
2073,3,1,1,12451.94
2074,11,2,2,32525.92
2075,2,10,13,2651.67
2076,15,7,10,8250.9
2077,11,2,2,73191.33
2078,12,9,12,21949.64
2079,4,17,18,1480.87
2080,2,20,29,723.61
2081,4,26,28,3839.11
2082,15,2,2,28460.1
2083,15,2,5,4052.12
2084,10,2,2,27493.31
2085,13,28,25,36653.36
2086,2,12,8,21470.03
2087,6,30,27,49098.94
2088,5,25,21,11388.67
2089,6,2,4,65398.05
2090,12,13,14,12477.73
2091,13,21,30,47557.44
2092,7,10,13,1797.13
2093,7,1,1,6212.57
2094,12,12,8,15542.3
2095,15,29,26,9537.12
2096,9,15,16,2623.05
2097,11,18,19,9484.7
2098,10,11,7,5796.35
2099,5,23,23,15827.77
2100,1,28,25,41480.55
2101,2,26,28,2244.14
2102,13,12,8,30134.82
2103,15,1,3,17472.68
2104,13,1,1,4427.59
2105,12,8,11,10862.29
2106,7,22,22,27577.87
2107,7,27,24,21774.58
2108,2,22,22,7126.6
2109,1,15,16,1988.59
2110,9,12,8,657.22
2111,4,23,23,41492.0
2112,12,11,7,18488.35
2113,5,15,16,4319.62
2114,4,13,14,17358.78
2115,14,23,23,10696.31
2116,5,13,14,67100.16
2117,5,13,14,24128.54
2118,8,26,28,1236.6
2119,3,2,2,48605.29
2120,5,16,17,49622.51
2121,6,23,23,17093.55
2122,8,23,23,71198.21
2123,14,25,21,76107.79
2124,15,30,27,56876.48
2125,14,2,2,2663.85
2126,14,15,16,2469.95
2127,13,21,30,9193.84
2128,1,28,25,14276.76
2129,2,1,3,49586.9
2130,5,8,11,13291.62
2131,7,15,16,2641.31
2132,5,2,5,18771.39
2133,4,11,7,2152.88
2134,12,2,4,33476.49
2135,14,29,26,8652.84
2136,3,3,6,44243.43
2137,2,8,11,4439.11
2138,9,21,30,62717.53
2139,14,24,20,5819.56
2140,15,25,21,61149.85
2141,10,24,20,36733.47
2142,2,28,25,33497.93
2143,7,7,10,7483.28
2144,14,26,28,510.79
2145,14,1,3,18262.96
2146,8,28,25,22840.45
2147,5,1,3,18900.09
2148,4,27,24,8779.84
2149,4,29,26,43845.3
2150,3,1,3,52698.83
2151,2,3,6,26515.23
2152,2,1,1,21658.77
2153,6,26,28,989.82
2154,14,1,1,1212.76
2155,2,29,26,51907.79
2156,8,20,29,2870.92
2157,10,1,1,16550.32
2158,5,21,30,49337.17
2159,7,1,3,26093.82
2160,10,6,9,13749.58
2161,15,23,23,65231.74
2162,6,2,2,3105.32
2163,5,26,28,4668.98
2164,15,7,10,10432.18
2165,7,16,17,2165.6
2166,5,20,29,1060.9
2167,14,2,5,5225.25
2168,1,9,12,56264.34
2169,14,27,24,11898.79
2170,9,22,22,10005.71
2171,10,9,12,37875.62
2172,13,7,10,2512.13
2173,9,24,20,36017.91
2174,3,1,3,9684.99
2175,10,1,3,24265.2
2176,14,20,29,4041.22
2177,5,17,18,17963.54
2178,8,13,14,68749.94
2179,3,14,15,1718.59
2180,5,15,16,5334.79
2181,8,16,17,51225.6
2182,12,22,22,4415.44
2183,8,23,23,57450.18
2184,4,29,26,3970.17
2185,1,1,1,3417.55
2186,12,21,30,3978.16
2187,7,24,20,5928.87
2188,8,23,23,47182.54
2189,14,15,16,4445.53
2190,5,12,8,17720.25
2191,7,17,18,20827.88
2192,14,29,26,53513.95
2193,2,30,27,58121.47
2194,13,18,19,551.36
2195,14,24,20,3516.77
2196,9,2,4,56661.6
2197,5,23,23,12142.39
2198,7,12,8,25901.21
2199,4,2,4,46181.27
2200,12,20,29,4064.65
2201,11,29,26,35230.39
2202,13,16,17,34772.74
2203,10,29,26,7498.14
2204,10,15,16,1526.03
2205,8,2,4,35208.19
2206,3,13,14,35067.8
2207,8,8,11,9223.65
2208,13,18,19,6761.31
2209,12,1,3,3407.51
2210,7,30,27,20877.9
2211,12,10,13,8218.6
2212,13,14,15,1689.91
2213,8,1,1,19494.86
2214,8,27,24,590.05
2215,7,17,18,14783.47
2216,6,29,26,39942.7
2217,11,7,10,9481.97
2218,4,2,2,4021.1
2219,8,16,17,56164.81
2220,4,30,27,29486.75
2221,15,18,19,2214.25
2222,8,23,23,36715.78
2223,1,9,12,47548.96
2224,10,13,14,69207.94
2225,12,2,5,20427.53
2226,5,20,29,117.02
2227,13,15,16,5473.87
2228,9,13,14,10344.96
2229,11,3,6,5198.34
2230,14,2,4,63962.12
2231,15,1,1,12668.0
2232,2,26,28,465.83
2233,2,1,1,9060.24
2234,8,12,8,4959.42
2235,4,9,12,3464.57
2236,14,10,13,667.79
2237,1,30,27,38424.4
2238,11,7,10,2158.32
2239,12,22,22,29815.82
2240,6,6,9,70906.25
2241,11,24,20,4983.47
2242,14,26,28,3312.09
2243,2,6,9,54432.66
2244,12,12,8,21257.96
2245,1,9,12,15575.57
2246,1,14,15,41223.49
2247,14,23,23,68619.85
2248,13,20,29,3416.17
2249,2,24,20,36934.23
2250,7,18,19,2131.05
2251,3,21,30,56903.18
2252,5,24,20,23301.46
2253,7,16,17,30418.91
2254,8,24,20,15878.53
2255,13,2,2,66477.11
2256,2,21,30,35768.77
2257,1,28,25,55005.32
2258,8,29,26,12240.95
2259,8,27,24,10958.11
2260,4,2,4,80690.98
2261,2,28,25,10809.93
2262,9,28,25,2100.24
2263,4,17,18,8414.7
2264,4,30,27,21996.59
2265,15,3,6,12323.59
2266,12,18,19,10640.27
2267,2,9,12,44238.15
2268,11,11,7,4592.25
2269,13,21,30,60661.28
2270,10,7,10,8292.81
2271,1,9,12,56934.25
2272,5,22,22,8621.48
2273,4,30,27,44380.54
2274,9,28,25,24269.42
2275,10,26,28,739.89
2276,8,27,24,2973.78
2277,1,16,17,3684.91
2278,1,9,12,23188.46
2279,9,25,21,76076.95
2280,5,29,26,17724.19
2281,13,2,5,16959.31
2282,4,14,15,52574.25
2283,7,1,3,34981.43
2284,3,30,27,29413.08
2285,5,2,4,72553.97
2286,2,26,28,1761.5
2287,1,2,2,3875.28
2288,3,2,5,20699.76
2289,9,7,10,1521.64
2290,11,22,22,25029.09
2291,10,10,13,6954.66
2292,5,13,14,14792.35
2293,5,1,3,25328.75
2294,12,23,23,66674.27
2295,12,1,3,38930.93
2296,9,30,27,51928.5
2297,7,13,14,17628.74
2298,4,2,5,20565.8
2299,1,11,7,16978.07
2300,13,3,6,14386.11
2301,5,11,7,27761.85
2302,2,6,9,18397.76
2303,8,9,12,43428.98
2304,7,7,10,6719.8
2305,4,23,23,59274.68
2306,6,12,8,23430.68
2307,10,9,12,55309.93
2308,9,2,5,1988.06
2309,13,21,30,11121.64
2310,7,29,26,1111.77
2311,5,8,11,8064.1
2312,15,23,23,37938.12
2313,10,21,30,63915.41
2314,11,21,30,54589.29
2315,4,27,24,10685.54
2316,10,10,13,4986.12
2317,13,7,10,7009.68
2318,12,11,7,1817.15
2319,11,1,1,4419.92
2320,3,1,3,8419.59
2321,12,9,12,60951.14
2322,8,20,29,2474.19
2323,4,27,24,23177.72
2324,3,13,14,25277.44
2325,10,10,13,7574.49
2326,10,2,2,60817.93
2327,12,22,22,9288.75
2328,11,18,19,9582.24
2329,12,11,7,6072.91
2330,13,21,30,57966.68
2331,12,20,29,2718.58
2332,1,1,3,49918.74
2333,13,10,13,7502.1
2334,15,2,2,39029.47
2335,8,22,22,10774.39
2336,9,3,6,30096.02
2337,2,28,25,9971.7
2338,15,25,21,18303.89
2339,1,9,12,21220.34
2340,5,1,3,23266.15
2341,3,16,17,21325.51
2342,2,16,17,40272.16
2343,9,1,3,44547.91
2344,7,22,22,19312.36
2345,4,22,22,12413.44
2346,12,18,19,755.63
2347,1,23,23,10092.98
2348,5,26,28,1499.63
2349,1,17,18,11618.49
2350,13,1,3,45795.82
2351,8,7,10,1598.78
2352,1,23,23,33893.36
2353,12,2,5,6469.81
2354,12,16,17,1052.32
2355,12,20,29,3500.6
2356,5,6,9,84232.36
2357,13,15,16,1379.06
2358,6,1,3,50817.8
2359,2,29,26,34060.93
2360,12,15,16,499.35
2361,8,28,25,6787.21
2362,9,9,12,45816.84
2363,5,1,1,4057.03
2364,11,30,27,30655.7
2365,2,30,27,54779.15
2366,9,14,15,42573.14
2367,5,2,2,48193.88
2368,6,25,21,23556.82
2369,10,20,29,2698.48
2370,7,10,13,3156.09
2371,4,13,14,70649.54
2372,7,7,10,5054.67
2373,11,15,16,1861.17
2374,5,30,27,52917.9
2375,3,18,19,5020.32
2376,13,12,8,18132.71
2377,2,18,19,2389.7
2378,4,16,17,34463.55
2379,7,18,19,2744.27
2380,2,30,27,38856.38
2381,14,18,19,7800.93
2382,2,1,1,16697.8
2383,4,9,12,49979.07
2384,14,7,10,1222.17
2385,9,1,1,15483.15
2386,3,1,1,13378.87
2387,9,2,5,3982.48
2388,13,9,12,40075.29
2389,5,1,1,6724.15
2390,13,16,17,8941.66
2391,7,11,7,8675.62
2392,13,15,16,2352.49
2393,13,24,20,32329.19
2394,9,12,8,37520.56
2395,13,17,18,2749.95
2396,7,2,4,67561.09
2397,2,9,12,54980.01
2398,10,17,18,6714.15
2399,5,3,6,51912.67
2400,13,18,19,11592.6
2401,6,1,3,3028.01
2402,8,1,1,10887.2
2403,8,12,8,19758.15
2404,11,6,9,52825.87
2405,5,28,25,34805.82
2406,15,30,27,13921.74
2407,7,2,2,9104.44
2408,12,7,10,8951.66
2409,3,1,3,29599.99
2410,14,2,5,15894.28
2411,13,17,18,13380.13
2412,3,8,11,997.36
2413,5,22,22,3958.93
2414,14,30,27,7508.86
2415,15,20,29,1280.4
2416,14,15,16,3017.88
2417,2,15,16,3005.91
2418,1,2,4,38642.22
2419,5,11,7,51780.87
2420,13,8,11,252.9
2421,7,2,4,22281.2
2422,9,20,29,1867.39
2423,9,28,25,15070.48
2424,4,16,17,19425.44
2425,9,12,8,19568.83
2426,14,18,19,4546.49
2427,14,13,14,55559.02
2428,5,25,21,1297.17
2429,4,22,22,7398.21
2430,15,13,14,3443.31
2431,4,3,6,2679.2
2432,13,28,25,7458.56
2433,7,13,14,66959.96
2434,12,15,16,4138.03
2435,5,22,22,16937.97
2436,1,12,8,4747.01
2437,8,21,30,26682.17
2438,2,2,5,5384.75
2439,15,27,24,10654.21
2440,9,26,28,2307.73
2441,10,25,21,23244.57
2442,3,28,25,20169.52
2443,5,11,7,13507.37
2444,5,11,7,29746.49
2445,5,24,20,19566.33
2446,8,7,10,3216.57
2447,8,25,21,24710.97
2448,11,21,30,11363.64
2449,6,13,14,5738.08
2450,6,30,27,53797.19
2451,9,1,3,40518.98
2452,7,15,16,4603.06
2453,3,14,15,66370.98
2454,14,2,5,10028.64
2455,1,15,16,2849.53
2456,4,24,20,29305.95
2457,10,16,17,29502.88
2458,15,2,2,33408.23
2459,5,18,19,11538.44
2460,3,10,13,1011.4
2461,4,7,10,7572.11
2462,15,23,23,38061.35
2463,10,28,25,37348.44
2464,9,23,23,39300.44
2465,4,16,17,22669.57
2466,9,1,1,19636.52
2467,8,24,20,4334.97
2468,2,14,15,80547.46
2469,7,12,8,26732.33
2470,5,21,30,7944.7
2471,3,28,25,30993.45
2472,1,30,27,46390.15
2473,7,27,24,2903.52
2474,11,9,12,65233.52
2475,8,15,16,4340.26
2476,5,2,5,20756.82
2477,6,17,18,12089.67
2478,10,25,21,21558.61
2479,5,12,8,30405.01
2480,2,25,21,3071.66
2481,1,9,12,50612.47
2482,4,23,23,10960.05
2483,7,23,23,5883.7
2484,5,16,17,20194.35
2485,4,24,20,6512.51
2486,13,24,20,41590.89
2487,3,23,23,8027.68
2488,13,20,29,3129.36
2489,7,2,4,45799.55
2490,15,10,13,3936.02
2491,10,14,15,69319.27
2492,9,2,5,20827.26
2493,1,27,24,14095.63
2494,1,24,20,22362.18
2495,8,18,19,4211.26
2496,11,25,21,27350.88
2497,11,24,20,9531.28
2498,11,22,22,16618.41
2499,11,27,24,15421.42
2500,6,26,28,1523.63
2501,11,2,5,9262.72
2502,13,21,30,47187.09
2503,6,13,14,47990.48
2504,11,18,19,8512.67
2505,7,24,20,11271.7
2506,15,11,7,13275.22
2507,7,27,24,5074.81
2508,1,25,21,38743.3
2509,6,13,14,44779.22
2510,7,2,5,23648.26
2511,10,13,14,47450.11
2512,15,18,19,8469.02
2513,14,12,8,16471.68
2514,8,1,1,6195.2
2515,9,29,26,16518.68
2516,6,1,3,52738.17
2517,9,2,2,15460.78
2518,3,14,15,7222.85
2519,3,11,7,31070.27
2520,1,18,19,4094.74
2521,9,1,3,2911.87
2522,12,27,24,14640.37
2523,13,13,14,15917.13
2524,12,27,24,7505.84
2525,4,6,9,4509.76
2526,6,2,5,8068.32
2527,8,17,18,20225.53
2528,13,12,8,14172.36
2529,11,16,17,12531.47
2530,5,2,5,4061.84
2531,9,11,7,31886.54
2532,3,21,30,65289.98
2533,14,20,29,2295.59
2534,15,17,18,17011.88
2535,9,10,13,3534.66
2536,6,29,26,9564.91
2537,15,11,7,39618.7
2538,14,3,6,25485.08
2539,3,9,12,18224.0
2540,14,18,19,4918.75
2541,2,15,16,1246.28
2542,2,18,19,7621.88
2543,1,11,7,29743.35
2544,6,22,22,38347.55
2545,13,21,30,71705.96
2546,2,20,29,1569.33
2547,10,10,13,8136.09
2548,10,7,10,3206.14
2549,8,16,17,38196.75
2550,1,2,4,67246.86
2551,1,2,4,10829.49
2552,8,12,8,696.94
2553,2,30,27,45146.78
2554,10,2,2,34941.68
2555,13,14,15,64751.71
2556,1,29,26,41899.85
2557,5,1,3,46601.02
2558,8,1,1,738.71
2559,14,17,18,18027.74
2560,3,14,15,54554.04
2561,6,27,24,24650.75
2562,1,13,14,1451.31
2563,9,14,15,53880.72
2564,3,17,18,20498.45
2565,9,16,17,48261.7
2566,9,12,8,35006.0
2567,14,1,3,50970.7
2568,6,18,19,10272.05
2569,10,9,12,51451.82
2570,5,24,20,21760.91
2571,10,2,4,9903.93
2572,3,20,29,120.45
2573,3,2,4,43096.97
2574,3,14,15,21540.23
2575,10,12,8,6543.8
2576,13,29,26,24377.58
2577,4,30,27,62453.98
2578,13,25,21,68868.77
2579,4,3,6,32196.71
2580,2,6,9,28901.09
2581,10,20,29,128.07
2582,9,6,9,80210.98
2583,12,14,15,38980.93
2584,9,8,11,5622.27
2585,5,9,12,30049.5
2586,6,30,27,18084.46
2587,5,3,6,12180.22
2588,3,10,13,6660.23
2589,2,2,2,40911.03
2590,10,8,11,8429.47
2591,6,10,13,4129.22
2592,13,17,18,8003.76
2593,10,1,1,413.65
2594,15,14,15,57985.71
2595,12,8,11,13050.06
2596,11,2,5,5802.9
2597,2,16,17,14433.96
2598,5,1,3,37956.78
2599,15,3,6,8089.59
2600,15,11,7,29750.58
2601,12,29,26,66188.03
2602,8,9,12,41580.32
2603,9,10,13,8126.84
2604,6,12,8,17092.26
2605,10,8,11,5469.52
2606,9,30,27,17957.72
2607,15,6,9,68976.83
2608,11,26,28,189.65
2609,9,2,2,34621.83
2610,15,2,5,21629.02
2611,7,25,21,25940.84
2612,1,25,21,43608.44
2613,10,10,13,6651.72
2614,9,27,24,18677.68
2615,13,8,11,11189.64
2616,9,6,9,42746.83
2617,15,3,6,37153.97
2618,2,13,14,11501.43
2619,14,18,19,782.07
2620,10,29,26,57571.67
2621,3,3,6,9312.21
2622,5,7,10,5437.67
2623,1,24,20,2518.78
2624,1,30,27,53325.96
2625,10,12,8,14910.45
2626,15,23,23,43305.26
2627,14,24,20,37646.13
2628,14,21,30,60143.32
2629,3,9,12,41228.93
2630,5,16,17,52282.52
2631,10,11,7,31467.49
2632,8,27,24,6691.41
2633,11,15,16,1133.92
2634,8,28,25,30530.98
2635,8,22,22,3520.35
2636,7,18,19,7893.01
2637,5,30,27,15636.51
2638,7,24,20,24275.69
2639,9,25,21,41496.68
2640,9,9,12,34540.7
2641,5,1,1,20015.38
2642,9,2,4,70019.4
2643,3,24,20,15470.38
2644,5,10,13,569.13
2645,15,23,23,59919.6
2646,5,3,6,21168.52
2647,9,2,4,53356.81
2648,10,14,15,59181.36
2649,5,23,23,59830.82
2650,12,2,5,18853.97
2651,4,3,6,28004.23
2652,15,1,3,31847.06
2653,8,8,11,7025.55
2654,3,16,17,31638.5
2655,15,10,13,3836.43
2656,15,20,29,3606.13
2657,2,12,8,30963.84
2658,5,6,9,4986.11
2659,10,27,24,10486.97
2660,7,15,16,3688.35
2661,14,24,20,10008.84
2662,15,11,7,15773.98
2663,7,21,30,69540.03
2664,15,26,28,3818.61
2665,7,13,14,39051.24
2666,3,25,21,10523.59
2667,2,7,10,6760.62
2668,11,2,2,68709.37
2669,9,11,7,22290.52
2670,4,25,21,13411.61
2671,3,2,4,48064.92
2672,10,9,12,56641.28
2673,7,3,6,13116.4
2674,7,21,30,29092.56
2675,11,6,9,17237.79
2676,9,16,17,47463.4
2677,8,8,11,4264.62
2678,2,22,22,37884.48
2679,4,17,18,3383.1
2680,4,10,13,5258.55
2681,10,29,26,20715.53
2682,9,13,14,54435.99
2683,6,12,8,29912.08
2684,3,6,9,64710.38
2685,6,28,25,48690.3
2686,1,2,2,6859.66
2687,3,6,9,37930.13
2688,7,21,30,28584.55
2689,10,29,26,44555.14
2690,9,3,6,17586.6
2691,3,13,14,71886.97
2692,15,6,9,59340.19
2693,14,20,29,2207.77
2694,6,24,20,2201.23
2695,3,3,6,34087.51
2696,15,17,18,1812.06
2697,8,9,12,59827.07
2698,12,30,27,1171.23
2699,10,24,20,11083.88
2700,15,2,5,8170.64
2701,5,8,11,6669.02
2702,4,26,28,590.75
2703,8,7,10,3776.2
2704,1,23,23,52701.34
2705,14,1,3,45934.81
2706,12,9,12,29821.32
2707,14,20,29,110.9
2708,5,24,20,16047.66
2709,3,23,23,47848.36
2710,1,14,15,1665.61
2711,14,26,28,87.81
2712,12,27,24,16007.31
2713,6,29,26,20184.04
2714,15,10,13,6806.81
2715,11,21,30,9163.33
2716,7,22,22,7751.89
2717,9,18,19,7169.22
2718,15,1,3,31466.65
2719,3,20,29,4515.21
2720,8,15,16,2963.97
2721,12,30,27,45132.57
2722,14,11,7,34783.68
2723,10,23,23,16308.78
2724,12,7,10,6427.31
2725,3,13,14,19803.62
2726,7,24,20,4353.67
2727,8,21,30,63387.79
2728,13,11,7,7130.15
2729,7,20,29,4867.73
2730,9,26,28,3242.56
2731,2,8,11,1915.35
2732,8,6,9,28504.2
2733,9,25,21,27250.97
2734,14,2,4,22933.9
2735,7,18,19,9575.05
2736,4,1,3,5263.44
2737,5,20,29,5171.6
2738,7,8,11,4893.75
2739,5,1,3,37587.83
2740,7,9,12,7385.53
2741,5,16,17,20714.46
2742,6,2,2,66690.42
2743,13,20,29,3712.19
2744,8,14,15,45553.52
2745,3,2,4,13152.21
2746,2,18,19,2285.06
2747,1,7,10,9122.2
2748,5,11,7,18137.59
2749,7,18,19,1373.27
2750,7,9,12,56435.28
2751,5,8,11,12267.29
2752,2,23,23,31684.3
2753,5,8,11,12495.07
2754,1,29,26,17248.05
2755,15,2,2,25035.92
2756,9,29,26,13293.99
2757,10,2,4,28229.55
2758,12,1,3,47245.55
2759,3,3,6,11239.78
2760,5,17,18,6318.0
2761,7,27,24,3821.12
2762,12,30,27,50392.77
2763,12,21,30,40719.27
2764,5,2,2,24634.4
2765,7,21,30,10034.43
2766,3,2,2,2806.07
2767,10,6,9,75184.86
2768,1,7,10,6871.61
2769,9,24,20,20525.32
2770,10,27,24,18053.41
2771,3,17,18,22924.23
2772,8,12,8,26364.16
2773,14,10,13,3733.02
2774,1,16,17,40111.74
2775,12,12,8,3738.02
2776,14,20,29,2480.22
2777,8,16,17,43160.02
2778,1,23,23,26458.19
2779,5,16,17,56496.79
2780,12,17,18,13293.9
2781,6,10,13,8537.6
2782,14,17,18,15876.82
2783,12,17,18,22044.52
2784,15,23,23,29358.97
2785,1,30,27,45325.21
2786,10,30,27,9605.45
2787,10,26,28,1370.74
2788,4,23,23,73836.02
2789,4,17,18,4183.57
2790,15,1,1,21813.97
2791,4,27,24,15903.51
2792,9,16,17,14045.03
2793,11,26,28,2703.08
2794,6,2,5,22578.34
2795,7,22,22,28505.91
2796,8,2,4,68849.91
2797,10,26,28,1043.89
2798,14,14,15,2875.95
2799,6,15,16,1584.22
2800,6,30,27,41861.97
2801,11,12,8,24474.03
2802,11,1,1,740.64
2803,8,29,26,2364.48
2804,14,20,29,5538.84
2805,8,18,19,7096.38
2806,11,9,12,1422.73
2807,14,22,22,42556.71
2808,9,12,8,31219.03
2809,9,2,2,56200.23
2810,1,1,1,15743.13
2811,8,16,17,57778.99
2812,8,7,10,7267.65
2813,3,26,28,3372.51
2814,2,3,6,9199.24
2815,1,24,20,9803.05
2816,11,20,29,5533.5
2817,4,2,2,27029.77
2818,1,22,22,39394.0
2819,8,3,6,22662.81
2820,5,6,9,8295.84
2821,2,17,18,4138.7
2822,5,6,9,53290.74
2823,11,22,22,27083.43
2824,7,14,15,43507.91
2825,11,21,30,73236.35
2826,4,2,5,5990.81
2827,6,6,9,24415.27
2828,7,7,10,7191.66
2829,14,2,5,15069.57
2830,13,12,8,13168.22
2831,6,23,23,8838.68
2832,14,14,15,14827.11
2833,9,1,3,17402.89
2834,3,1,1,13222.59
2835,10,14,15,14179.5
2836,5,22,22,12113.96
2837,7,2,2,50011.05
2838,10,27,24,7154.29
2839,6,27,24,6532.81
2840,6,21,30,29586.04
2841,15,2,5,2177.31
2842,14,1,1,17749.59
2843,10,21,30,63882.92
2844,7,25,21,44042.24
2845,3,8,11,7992.22
2846,5,2,5,1318.22
2847,7,1,3,19619.1
2848,12,16,17,38104.89
2849,14,2,4,3168.19
2850,7,1,3,38053.73
2851,15,20,29,1208.62
2852,5,2,5,5451.52
2853,4,20,29,4118.01
2854,2,12,8,20495.22
2855,10,17,18,16705.55
2856,1,6,9,12633.82
2857,1,14,15,44246.84
2858,5,28,25,45087.16
2859,7,1,3,29548.08
2860,11,22,22,22060.84
2861,3,7,10,7418.9
2862,5,9,12,19951.81
2863,14,2,5,3350.54
2864,3,15,16,1777.81
2865,15,18,19,4811.71
2866,4,8,11,1131.53
2867,4,3,6,46932.38
2868,4,14,15,62268.38
2869,5,9,12,12679.91
2870,12,3,6,30537.09
2871,3,15,16,1111.84
2872,7,11,7,27254.38
2873,8,11,7,20988.89
2874,4,28,25,25510.0
2875,15,7,10,7219.72
2876,13,2,5,19583.14
2877,10,11,7,24737.64
2878,10,18,19,7647.77
2879,9,9,12,14249.34
2880,10,14,15,49377.65
2881,11,12,8,16799.06
2882,9,1,3,27730.13
2883,10,8,11,10935.24
2884,4,2,5,20755.51
2885,5,24,20,31844.94
2886,2,13,14,83132.29
2887,8,1,3,38037.69
2888,13,11,7,21458.56
2889,6,24,20,2878.14
2890,7,18,19,2002.04
2891,5,13,14,49463.58
2892,6,30,27,23239.78
2893,2,13,14,31742.37
2894,10,1,1,9680.25
2895,9,9,12,13484.24
2896,2,2,4,15089.09
2897,15,2,5,12426.58
2898,8,17,18,5275.78
2899,9,28,25,1088.88
2900,6,28,25,27976.54
2901,3,13,14,18254.15
2902,14,22,22,12389.88
2903,15,23,23,4852.6
2904,4,12,8,18290.33
2905,6,8,11,5074.31
2906,4,3,6,40378.59
2907,7,2,4,32426.51
2908,2,12,8,20761.5
2909,1,28,25,14664.88
2910,4,11,7,34009.36
2911,3,6,9,61824.84
2912,3,10,13,2496.15
2913,6,15,16,5226.03
2914,4,12,8,13078.72
2915,4,9,12,52596.77
2916,7,7,10,2066.68
2917,4,6,9,43227.64
2918,5,1,1,8810.55
2919,9,13,14,6634.58
2920,14,15,16,189.65
2921,12,1,1,2188.1
2922,11,23,23,7273.36
2923,5,1,1,13404.26
2924,6,21,30,8334.87
2925,9,26,28,1029.51
2926,13,16,17,43937.85
2927,6,9,12,45631.73
2928,4,2,2,13180.18
2929,9,7,10,8373.05
2930,14,17,18,18501.11
2931,15,1,3,25194.67
2932,11,23,23,21662.34
2933,2,6,9,17251.5
2934,11,30,27,2443.87
2935,11,22,22,24886.69
2936,12,17,18,17490.53
2937,7,18,19,4598.21
2938,13,25,21,13368.85
2939,10,26,28,1925.51
2940,2,28,25,3089.44
2941,9,3,6,4179.24
2942,7,3,6,15334.4
2943,13,12,8,12716.24
2944,12,11,7,3689.53
2945,5,1,3,46136.47
2946,9,9,12,13224.89
2947,3,15,16,2411.31
2948,6,14,15,35071.62
2949,12,27,24,25607.79
2950,5,28,25,18069.79
2951,6,11,7,34065.77
2952,5,27,24,17449.58
2953,3,16,17,8191.34
2954,8,27,24,2029.99
2955,3,18,19,473.46
2956,5,2,4,63141.44
2957,2,18,19,2104.97
2958,13,20,29,2806.09
2959,14,3,6,37778.88
2960,8,11,7,37460.33
2961,5,21,30,56769.18
2962,4,2,4,40568.06
2963,2,14,15,32433.42
2964,10,27,24,22026.56
2965,6,2,2,1568.39
2966,5,29,26,31658.03
2967,12,1,1,13725.49
2968,13,13,14,78682.36
2969,8,15,16,2479.61
2970,15,15,16,1481.03
2971,8,21,30,64645.46
2972,13,3,6,26088.28
2973,13,9,12,54004.19
2974,9,15,16,4636.85
2975,4,11,7,27803.02
2976,10,22,22,42164.37
2977,9,2,2,55453.96
2978,12,27,24,28946.95
2979,2,2,2,35862.72
2980,12,27,24,5340.26
2981,4,16,17,42809.73
2982,5,30,27,45303.25
2983,5,6,9,52610.56
2984,10,1,3,20576.77
2985,8,17,18,8141.13
2986,12,7,10,5713.44
2987,7,8,11,1848.62
2988,9,22,22,17986.58
2989,2,30,27,9506.49
2990,12,12,8,10485.4
2991,15,3,6,6693.33
2992,2,2,5,11274.27
2993,1,12,8,12302.28
2994,14,18,19,11929.6
2995,1,17,18,16614.36
2996,10,25,21,54936.19
2997,14,7,10,7155.82
2998,13,22,22,12621.01
2999,15,1,1,10761.68
3000,12,24,20,9082.46
3001,2,23,23,40402.18
3002,6,30,27,56106.8
3003,4,12,8,5612.8
3004,2,28,25,25889.09
3005,4,6,9,26337.86
3006,7,1,3,18542.07
3007,8,12,8,18440.24
3008,9,3,6,27847.54
3009,12,17,18,11755.5
3010,6,11,7,17957.17
3011,3,7,10,2711.37
3012,10,21,30,59815.62
3013,2,20,29,1290.62
3014,12,2,5,20801.78
3015,13,1,1,8995.94
3016,9,29,26,55716.28
3017,9,8,11,5976.43
3018,11,20,29,4129.79
3019,8,1,3,26189.81
3020,4,21,30,62531.71
3021,10,10,13,3768.97
3022,10,3,6,33830.98
3023,9,3,6,49183.04
3024,4,14,15,30174.61
3025,13,1,1,13021.7
3026,11,1,3,2946.61
3027,10,17,18,6929.16
3028,11,10,13,6448.23
3029,12,7,10,5527.89
3030,9,17,18,21642.74
3031,10,13,14,62748.44
3032,4,13,14,32924.9
3033,3,14,15,23387.97
3034,13,10,13,8996.01
3035,1,7,10,6877.67
3036,3,1,1,9606.68
3037,8,8,11,3953.92
3038,13,14,15,37703.25
3039,3,9,12,63172.85
3040,4,8,11,8359.67
3041,15,13,14,36483.86
3042,8,1,3,14591.23
3043,5,25,21,15040.86
3044,13,8,11,4444.2
3045,10,22,22,17639.31
3046,9,10,13,4394.02
3047,10,25,21,9115.61
3048,5,26,28,403.43
3049,10,23,23,57147.97
3050,5,13,14,73527.67
3051,2,3,6,22227.57
3052,2,21,30,21580.02
3053,4,27,24,1436.63
3054,6,29,26,9293.16
3055,14,7,10,8004.41
3056,6,1,3,9626.41
3057,13,29,26,11989.68
3058,4,2,2,60969.38
3059,14,26,28,2606.54
3060,6,1,3,20697.22
3061,15,6,9,74715.56
3062,9,25,21,41115.44
3063,14,12,8,8679.04
3064,3,21,30,4730.28
3065,12,27,24,9210.8
3066,12,1,3,2337.31
3067,1,16,17,3223.32
3068,3,28,25,10350.76
3069,11,30,27,39513.69
3070,2,14,15,49593.75
3071,12,22,22,6816.57
3072,2,29,26,57633.83
3073,10,11,7,50084.59
3074,6,2,2,64873.19
3075,9,23,23,17151.07
3076,4,26,28,3965.82
3077,10,15,16,1496.52
3078,14,15,16,4269.55
3079,10,29,26,42517.47
3080,2,22,22,3353.37
3081,4,27,24,30181.45
3082,1,2,2,35281.63
3083,4,28,25,37529.66
3084,7,21,30,11741.63
3085,6,27,24,5395.76
3086,2,6,9,22223.07
3087,4,27,24,4361.41
3088,14,11,7,15441.83
3089,15,1,3,37962.18
3090,5,24,20,31857.54
3091,8,27,24,1597.31
3092,15,7,10,1880.84
3093,12,23,23,21786.27
3094,12,10,13,1836.0
3095,3,28,25,38085.5
3096,12,12,8,10483.08
3097,8,16,17,5691.5
3098,5,25,21,45916.97
3099,2,28,25,22681.01
3100,8,16,17,14501.31
3101,1,6,9,44252.14
3102,3,11,7,35234.37
3103,15,17,18,24575.35
3104,14,26,28,94.11
3105,3,10,13,4097.91
3106,7,22,22,3796.47
3107,8,24,20,33473.29
3108,9,22,22,17502.86
3109,2,11,7,14655.64
3110,4,27,24,5399.96
3111,1,18,19,10641.72
3112,12,13,14,79473.83
3113,7,11,7,26382.05
3114,8,15,16,3418.29
3115,14,14,15,67173.82
3116,9,9,12,41880.06
3117,5,10,13,8180.86
3118,10,23,23,54732.0
3119,2,10,13,3407.49
3120,7,18,19,7623.1
3121,4,22,22,41473.49
3122,7,8,11,10458.68
3123,4,17,18,1603.88
3124,10,26,28,2224.25
3125,1,11,7,29174.24
3126,10,1,3,17210.56
3127,12,26,28,768.77
3128,14,26,28,1492.45
3129,15,2,4,39206.4
3130,5,25,21,50057.62
3131,14,20,29,5330.74
3132,10,30,27,42627.81
3133,11,22,22,22463.55
3134,12,21,30,49886.61
3135,8,10,13,815.04
3136,7,2,5,467.07
3137,1,8,11,10761.96
3138,11,12,8,9863.66
3139,6,12,8,9743.23
3140,4,9,12,5470.24
3141,12,15,16,3439.41
3142,4,1,3,33973.7
3143,10,21,30,43368.93
3144,9,13,14,76365.46
3145,14,18,19,13140.83
3146,2,12,8,20890.59
3147,10,23,23,39874.02
3148,10,11,7,40191.18
3149,9,25,21,71004.77
3150,7,22,22,9548.59
3151,15,10,13,180.21
3152,12,21,30,23019.1
3153,14,23,23,64827.27
3154,14,10,13,5266.09
3155,14,8,11,4281.16
3156,8,9,12,31155.44
3157,7,17,18,9281.6
3158,2,21,30,49618.96
3159,12,7,10,9186.69
3160,4,17,18,22785.03
3161,8,13,14,65782.83
3162,4,21,30,22940.86
3163,8,2,4,54305.63
3164,6,26,28,3646.51
3165,4,9,12,15222.97
3166,12,2,4,14404.89
3167,5,17,18,20063.93
3168,13,2,2,55024.04
3169,5,14,15,75321.67
3170,6,27,24,5185.89
3171,2,11,7,27683.55
3172,6,8,11,688.59
3173,14,25,21,48453.61
3174,8,3,6,37903.68
3175,15,7,10,4283.54
3176,8,16,17,53760.43
3177,14,2,4,76813.67
3178,1,15,16,4041.45
3179,11,14,15,51217.44
3180,15,7,10,3727.9
3181,8,29,26,58067.93
3182,11,16,17,61518.23
3183,7,28,25,36090.55
3184,6,2,2,47483.22
3185,14,23,23,7081.18
3186,3,26,28,3791.34
3187,6,14,15,15716.77
3188,10,12,8,1478.91
3189,4,25,21,6013.26
3190,1,7,10,8209.44
3191,10,1,3,45260.22
3192,6,16,17,52124.94
3193,3,21,30,67697.26
3194,5,12,8,10654.69
3195,5,15,16,3784.43
3196,6,25,21,34567.35
3197,13,30,27,52339.35
3198,5,27,24,26206.01
3199,3,2,5,3570.11
3200,4,11,7,37771.64
3201,10,14,15,24326.61
3202,13,28,25,32006.0
3203,5,1,3,16986.04
3204,2,15,16,461.11
3205,13,16,17,45347.06
3206,12,15,16,3209.37
3207,1,23,23,63653.4
3208,2,16,17,24902.67
3209,12,17,18,5325.83
3210,8,16,17,47915.94
3211,3,12,8,7102.57
3212,1,7,10,8373.94
3213,13,20,29,986.98
3214,3,1,3,8234.99
3215,6,3,6,3695.67
3216,12,14,15,66832.38
3217,11,13,14,27133.39
3218,7,16,17,22033.67
3219,4,7,10,8599.66
3220,1,18,19,9016.86
3221,12,2,2,17126.54
3222,2,7,10,211.26
3223,15,30,27,31281.91
3224,4,2,4,60699.77
3225,10,28,25,53293.14
3226,9,1,3,49303.05
3227,9,26,28,2702.72
3228,8,12,8,27499.63
3229,6,22,22,28997.04
3230,11,30,27,17359.15
3231,9,28,25,44616.82
3232,4,11,7,7006.6
3233,4,13,14,29574.34
3234,3,25,21,5515.74
3235,10,18,19,4917.82
3236,7,29,26,4503.4
3237,8,14,15,38708.44
3238,13,24,20,24234.72
3239,12,16,17,29050.11
3240,3,12,8,11727.78
3241,1,6,9,16549.36
3242,3,12,8,8316.14
3243,2,23,23,28363.15
3244,4,15,16,3606.0
3245,6,15,16,106.49
3246,10,1,1,15369.94
3247,8,9,12,59119.21
3248,8,22,22,24914.05
3249,5,6,9,45185.18
3250,7,28,25,36959.67
3251,12,9,12,55474.3
3252,14,28,25,12756.72
3253,3,26,28,2601.06
3254,8,1,1,21079.65
3255,6,12,8,26203.51
3256,12,13,14,75664.96
3257,7,18,19,3915.77
3258,11,23,23,79781.65
3259,6,2,2,27614.26
3260,6,27,24,22222.72
3261,10,23,23,16155.96
3262,11,6,9,23430.67
3263,15,12,8,1356.97
3264,4,13,14,59129.56
3265,9,11,7,6872.56
3266,1,1,1,12344.1
3267,9,22,22,1558.01
3268,1,13,14,49492.87
3269,12,21,30,9670.28
3270,4,25,21,61187.77
3271,6,13,14,34881.13
3272,12,18,19,9470.41
3273,2,10,13,5682.17
3274,15,26,28,1311.2
3275,15,23,23,63379.29
3276,11,21,30,47102.4
3277,8,1,1,13079.83
3278,2,28,25,33333.66
3279,2,8,11,11325.72
3280,10,10,13,1019.2
3281,15,16,17,44001.53
3282,13,7,10,5601.99
3283,13,10,13,8985.07
3284,1,6,9,31420.44
3285,14,26,28,3637.17
3286,7,30,27,67763.78
3287,8,9,12,35851.56
3288,9,26,28,2445.86
3289,7,26,28,92.71
3290,4,7,10,6007.98
3291,14,15,16,282.16
3292,15,28,25,7952.05
3293,3,27,24,14131.13
3294,3,10,13,1358.78
3295,5,2,2,55601.27
3296,14,2,2,34571.87
3297,10,2,5,6141.85
3298,5,25,21,38790.15
3299,6,13,14,77278.11
3300,1,21,30,33338.98
3301,2,27,24,11500.24
3302,11,11,7,31087.09
3303,9,2,2,27716.6
3304,9,3,6,16861.08
3305,9,14,15,71293.88
3306,13,8,11,11198.39
3307,1,24,20,17445.02
3308,6,13,14,71570.17
3309,2,24,20,3034.8
3310,6,9,12,34003.38
3311,7,23,23,47471.92
3312,13,6,9,64719.81
3313,14,29,26,41557.96
3314,14,25,21,52213.11
3315,9,28,25,25464.49
3316,4,30,27,1422.45
3317,10,16,17,33679.24
3318,12,20,29,490.5
3319,14,6,9,47362.65
3320,14,15,16,1124.1
3321,9,11,7,17052.56
3322,1,17,18,11154.92
3323,7,3,6,893.87
3324,9,20,29,1512.27
3325,7,12,8,27752.68
3326,2,12,8,12410.07
3327,4,14,15,82538.59
3328,7,11,7,11465.51
3329,6,14,15,55459.11
3330,9,3,6,15067.8
3331,2,27,24,26758.16
3332,7,3,6,14548.82
3333,12,15,16,3680.46
3334,10,22,22,40808.21
3335,3,17,18,21028.47
3336,3,18,19,4552.2
3337,5,16,17,11259.28
3338,10,18,19,7305.44
3339,10,16,17,31589.99
3340,13,14,15,53387.1
3341,3,1,3,11077.61
3342,8,10,13,2738.97
3343,14,2,2,7809.86
3344,12,6,9,53916.0
3345,6,1,3,26634.0
3346,14,9,12,56119.42
3347,5,8,11,9533.58
3348,12,12,8,23469.48
3349,2,28,25,15609.8
3350,12,15,16,3305.91
3351,4,2,2,38542.76
3352,5,9,12,25201.22
3353,2,25,21,58652.33
3354,3,2,5,4860.99
3355,15,26,28,2272.9
3356,8,24,20,24408.9
3357,6,27,24,11913.77
3358,8,27,24,14771.77
3359,14,29,26,30223.48
3360,5,21,30,40898.02
3361,14,13,14,10096.49
3362,10,2,4,6247.84
3363,10,24,20,13978.05
3364,8,22,22,9254.48
3365,15,11,7,47231.74
3366,8,11,7,10456.46
3367,2,16,17,27871.2
3368,13,14,15,56176.29
3369,9,20,29,4541.64
3370,12,20,29,1833.88
3371,11,14,15,5710.45
3372,4,3,6,27662.45
3373,8,16,17,4227.19
3374,11,1,3,12757.1
3375,6,13,14,46651.84
3376,13,3,6,5144.14
3377,3,1,1,11285.74
3378,7,16,17,5391.53
3379,5,16,17,33831.35
3380,9,20,29,2682.62
3381,8,10,13,8766.58
3382,6,1,1,5016.11
3383,7,17,18,24785.31
3384,15,7,10,7258.83
3385,12,6,9,87070.87
3386,2,16,17,7520.32
3387,8,21,30,67420.72
3388,2,28,25,25818.92
3389,4,11,7,34770.56
3390,6,12,8,14979.89
3391,11,18,19,2168.74
3392,8,24,20,31209.28
3393,7,2,2,60183.58
3394,6,8,11,10482.21
3395,10,21,30,27772.1
3396,15,12,8,1423.19
3397,1,10,13,1005.29
3398,2,7,10,6298.55
3399,3,21,30,30309.41
3400,1,17,18,6283.78
3401,3,10,13,3415.16
3402,1,11,7,7419.47
3403,10,13,14,44618.33
3404,14,8,11,8321.84
3405,7,18,19,5281.6
3406,4,27,24,25581.29
3407,14,10,13,7181.51
3408,10,27,24,26297.71
3409,5,12,8,25197.17
3410,15,20,29,6033.62
3411,11,23,23,53517.27
3412,8,26,28,322.31
3413,5,16,17,31094.74
3414,4,21,30,28105.57
3415,4,1,1,20010.78
3416,1,21,30,55893.22
3417,7,20,29,866.64
3418,13,26,28,3069.17
3419,8,21,30,56947.16
3420,1,2,4,19432.82
3421,1,27,24,11726.8
3422,4,28,25,6875.53
3423,11,7,10,6010.6
3424,11,16,17,17920.6
3425,7,14,15,33119.28
3426,2,22,22,9469.34
3427,7,2,2,20282.81
3428,15,22,22,38098.4
3429,10,15,16,4648.36
3430,7,1,1,8644.83
3431,7,24,20,31142.54
3432,9,1,3,38110.12
3433,15,1,1,5439.51
3434,5,23,23,38015.01
3435,10,22,22,25490.12
3436,15,20,29,5081.64
3437,15,8,11,6083.02
3438,9,2,5,5225.83
3439,2,10,13,3597.68
3440,4,3,6,17061.49
3441,2,26,28,2021.56
3442,15,27,24,12682.78
3443,1,2,5,2974.6
3444,4,11,7,24306.67
3445,6,3,6,38059.02
3446,11,1,3,49957.48
3447,8,20,29,1816.22
3448,14,18,19,10060.82
3449,7,9,12,45568.62
3450,12,8,11,2775.77
3451,8,15,16,2613.69
3452,15,25,21,56796.37
3453,9,10,13,6532.6
3454,7,18,19,1385.12
3455,11,14,15,57728.6
3456,13,2,4,26240.83
3457,6,22,22,18029.09
3458,5,2,4,26268.94
3459,10,11,7,10506.37
3460,12,2,2,71796.22
3461,4,22,22,15301.6
3462,4,2,4,48907.94
3463,15,20,29,742.47
3464,8,14,15,39018.42
3465,8,8,11,10527.69
3466,12,22,22,11638.95
3467,2,15,16,2744.21
3468,14,27,24,6371.94
3469,14,29,26,39028.6
3470,14,18,19,1159.13
3471,6,21,30,68227.95
3472,6,13,14,65733.07
3473,11,3,6,22983.43
3474,10,12,8,4618.11
3475,7,18,19,3710.61
3476,3,14,15,10503.4
3477,1,13,14,34216.93
3478,13,29,26,53507.84
3479,3,7,10,5414.96
3480,8,18,19,5514.82
3481,8,26,28,3154.42
3482,10,12,8,9451.6
3483,6,3,6,23579.21
3484,5,20,29,4379.25
3485,13,12,8,21191.59
3486,10,10,13,1590.83
3487,13,6,9,35906.82
3488,4,26,28,2666.09
3489,2,14,15,29865.13
3490,1,8,11,9223.62
3491,6,1,3,45219.66
3492,14,20,29,3458.2
3493,10,11,7,37910.27
3494,3,29,26,30637.65
3495,5,7,10,3365.26
3496,12,2,2,23846.66
3497,9,29,26,66398.82
3498,4,12,8,18900.64
3499,9,11,7,15804.71
3500,5,24,20,32962.17
3501,9,23,23,57350.45
3502,14,23,23,33149.11
3503,1,15,16,4318.83
3504,2,16,17,9475.1
3505,1,2,2,52982.28
3506,6,6,9,48044.08
3507,12,2,5,8328.45
3508,12,13,14,79565.65
3509,10,30,27,62506.28
3510,3,2,5,4696.94
3511,1,3,6,23446.6
3512,1,9,12,45569.31
3513,7,30,27,25946.57
3514,12,16,17,19880.01
3515,12,16,17,19216.48
3516,3,12,8,6956.5
3517,13,8,11,12461.97
3518,7,23,23,7990.61
3519,13,22,22,35406.49
3520,9,6,9,61667.09
3521,11,1,3,22598.19
3522,2,1,1,19061.38
3523,10,26,28,3305.64
3524,1,23,23,48924.51
3525,8,1,3,51551.52
3526,1,2,5,22756.0
3527,15,2,2,54115.34
3528,4,28,25,13122.06
3529,7,17,18,2318.55
3530,8,16,17,40015.8
3531,1,15,16,3300.38
3532,3,24,20,5913.41
3533,12,27,24,3402.83
3534,8,26,28,2061.83
3535,12,20,29,4499.22
3536,8,9,12,64035.47
3537,5,7,10,7984.72
3538,6,28,25,43874.93
3539,9,18,19,3143.18
3540,12,3,6,39556.83
3541,11,9,12,14508.0
3542,8,30,27,33761.78
3543,5,15,16,3405.02
3544,1,29,26,68588.07
3545,9,24,20,7861.91
3546,10,13,14,45158.19
3547,3,2,4,27105.99
3548,15,11,7,28086.98
3549,6,7,10,4850.9
3550,7,29,26,55409.62
3551,9,20,29,365.98
3552,1,9,12,49547.16
3553,15,23,23,36804.44
3554,1,14,15,64383.48
3555,5,10,13,3600.51
3556,2,15,16,1820.65
3557,8,16,17,45742.67
3558,11,17,18,9848.62
3559,4,17,18,18760.53
3560,3,2,2,10141.74
3561,1,15,16,224.25
3562,3,13,14,1603.96
3563,5,14,15,68497.62
3564,11,22,22,15160.17
3565,8,10,13,8381.84
3566,3,21,30,12324.95
3567,14,6,9,40590.94
3568,8,7,10,4236.51
3569,11,23,23,54853.77
3570,6,8,11,1587.59
3571,8,20,29,3369.99
3572,3,1,3,50246.48
3573,6,1,3,11431.75
3574,10,1,1,3069.7
3575,2,26,28,1053.53
3576,1,17,18,954.21
3577,6,25,21,7481.79
3578,15,2,4,24327.74
3579,3,24,20,21239.99
3580,13,13,14,21331.17
3581,9,7,10,8503.74
3582,15,26,28,1261.33
3583,10,2,4,53271.49
3584,14,29,26,14022.88
3585,7,2,4,34025.27
3586,11,15,16,4376.14
3587,1,12,8,34583.75
3588,15,13,14,48732.49
3589,14,3,6,34838.18
3590,6,11,7,18888.91
3591,15,22,22,5568.95
3592,5,20,29,4924.52
3593,10,1,3,28412.7
3594,5,10,13,753.22
3595,3,1,3,28730.59
3596,1,22,22,19037.09
3597,6,27,24,6099.48
3598,14,2,5,2044.33
3599,15,23,23,6622.97
3600,7,10,13,4203.61
3601,12,24,20,22060.11
3602,11,20,29,3182.62
3603,4,8,11,11452.1
3604,10,25,21,26172.07
3605,11,27,24,16006.03
3606,6,26,28,1143.85
3607,11,20,29,5605.86
3608,4,10,13,3525.03
3609,8,16,17,15683.79
3610,9,29,26,20687.43
3611,9,18,19,4228.85
3612,3,16,17,1210.62
3613,3,2,4,32420.52
3614,9,29,26,13251.43
3615,11,16,17,53886.19
3616,1,26,28,3974.62
3617,10,13,14,8542.75
3618,8,12,8,7193.31
3619,15,23,23,7455.54
3620,8,14,15,70803.87
3621,7,14,15,28374.69
3622,12,27,24,3450.66
3623,8,11,7,28309.41
3624,5,20,29,2480.1
3625,14,2,2,53966.63
3626,6,13,14,14241.41
3627,9,29,26,53859.72
3628,13,14,15,54077.44
3629,1,13,14,56817.33
3630,11,21,30,15893.51
3631,3,6,9,27176.8
3632,2,14,15,40054.06
3633,14,1,3,40865.55
3634,13,15,16,5027.03
3635,5,16,17,14100.3
3636,1,29,26,19857.89
3637,15,1,1,4338.78
3638,1,23,23,48083.99
3639,6,24,20,31900.05
3640,2,30,27,35745.88
3641,7,23,23,51145.18
3642,11,16,17,34840.32
3643,14,8,11,8246.38
3644,2,9,12,19927.61
3645,2,2,5,4206.45
3646,13,21,30,54750.64
3647,3,14,15,27280.9
3648,12,23,23,9530.4
3649,10,15,16,3076.38
3650,6,7,10,8954.94
3651,4,24,20,4216.52
3652,4,21,30,54882.5
3653,11,27,24,6094.93
3654,5,30,27,25951.26
3655,4,21,30,22301.56
3656,8,15,16,4315.68
3657,8,27,24,5625.08
3658,7,1,3,8209.34
3659,9,15,16,558.84
3660,14,1,3,18055.57
3661,8,17,18,3587.04
3662,4,1,3,20713.9
3663,14,16,17,18134.75
3664,1,2,2,50070.31
3665,1,12,8,5329.29
3666,5,30,27,42802.83
3667,14,29,26,31178.2
3668,8,15,16,297.8
3669,14,21,30,24378.88
3670,13,16,17,27534.91
3671,3,10,13,3516.38
3672,15,13,14,10137.98
3673,8,30,27,8447.23
3674,6,8,11,276.05
3675,9,23,23,63829.24
3676,8,20,29,2294.34
3677,1,22,22,25798.17
3678,4,7,10,1911.92
3679,4,1,1,1323.95
3680,7,2,4,49874.81
3681,10,27,24,4179.8
3682,10,16,17,26279.85
3683,13,24,20,5042.89
3684,8,28,25,34364.17
3685,9,26,28,2560.56
3686,15,15,16,5546.94
3687,6,12,8,28431.1
3688,1,7,10,4324.99
3689,7,3,6,4077.28
3690,8,21,30,27942.59
3691,6,13,14,51796.57
3692,14,24,20,36207.12
3693,9,18,19,3132.41
3694,2,24,20,40449.59
3695,7,7,10,230.52
3696,10,7,10,1096.1
3697,3,1,3,49455.43
3698,9,25,21,64016.57
3699,14,3,6,3896.16
3700,11,8,11,449.5
3701,5,2,4,62672.06
3702,5,29,26,36183.48
3703,4,24,20,6997.5
3704,6,8,11,267.12
3705,10,18,19,7868.99
3706,6,2,5,14696.39
3707,10,28,25,26974.43
3708,12,14,15,42571.71
3709,7,14,15,25819.85
3710,4,2,2,36599.21
3711,6,8,11,6749.85
3712,6,16,17,47381.51
3713,7,8,11,10761.9
3714,7,21,30,16604.37
3715,8,21,30,19588.53
3716,12,2,2,19659.81
3717,4,13,14,39549.11
3718,10,22,22,893.19
3719,3,18,19,6297.42
3720,9,16,17,14780.21
3721,11,18,19,10525.31
3722,15,8,11,11501.52
3723,15,14,15,14120.59
3724,13,10,13,3406.61
3725,7,28,25,26285.41
3726,9,23,23,55748.5
3727,3,23,23,55681.95
3728,10,7,10,6289.0
3729,7,3,6,10471.83
3730,3,15,16,4391.74
3731,3,16,17,24721.0
3732,12,17,18,5323.54
3733,6,9,12,49536.14
3734,14,25,21,61413.29
3735,12,21,30,56540.36
3736,1,11,7,2745.04
3737,5,2,2,27456.65
3738,14,25,21,10238.44
3739,2,2,2,35154.54
3740,4,2,2,9107.41
3741,8,14,15,33521.77
3742,7,24,20,1437.92
3743,6,8,11,10647.4
3744,5,26,28,2331.09
3745,7,24,20,17270.83
3746,14,24,20,10939.65
3747,11,27,24,23657.65
3748,6,12,8,1390.65
3749,6,20,29,6193.4
3750,13,28,25,40745.83
3751,15,2,5,10424.54
3752,7,18,19,2480.12
3753,7,13,14,35597.03
3754,3,15,16,3501.16
3755,1,8,11,240.43
3756,9,15,16,3731.03
3757,12,3,6,11553.63
3758,10,16,17,5626.93
3759,3,29,26,32283.62
3760,1,2,5,2513.41
3761,6,28,25,31344.93
3762,12,6,9,16744.91
3763,1,27,24,25149.81
3764,12,28,25,10007.78
3765,10,1,3,29096.76
3766,14,9,12,58533.9
3767,13,28,25,40250.04
3768,1,3,6,21782.84
3769,7,10,13,7519.12
3770,5,3,6,22507.27
3771,14,2,4,55074.97
3772,5,3,6,27639.08
3773,8,13,14,34786.48
3774,14,13,14,62790.18
3775,2,10,13,705.05
3776,1,22,22,12170.13
3777,6,28,25,3400.16
3778,13,2,5,17734.28
3779,2,21,30,41954.0
3780,3,2,2,1552.89
3781,2,15,16,3224.25
3782,15,27,24,10216.42
3783,1,20,29,3855.98
3784,14,23,23,20684.81
3785,2,2,5,13183.44
3786,7,16,17,17397.04
3787,12,22,22,22790.58
3788,10,2,4,18468.8
3789,15,7,10,6383.71
3790,15,30,27,35906.42
3791,6,21,30,65438.78
3792,13,1,3,4419.05
3793,10,30,27,10022.54
3794,11,16,17,43177.62
3795,7,18,19,11664.44
3796,12,13,14,71943.09
3797,3,14,15,68436.0
3798,5,22,22,36102.25
3799,3,24,20,34086.32
3800,3,1,3,27800.14
3801,15,14,15,83887.41
3802,1,13,14,51954.9
3803,6,2,2,34518.95
3804,12,17,18,8240.69
3805,3,22,22,36302.42
3806,6,18,19,5218.16
3807,14,22,22,21158.7
3808,4,3,6,32626.55
3809,15,9,12,40333.49
3810,9,13,14,56991.71
3811,3,28,25,40768.77
3812,13,15,16,4701.18
3813,8,2,5,13592.47
3814,13,22,22,15971.92
3815,1,1,3,12794.35
3816,6,16,17,28348.36
3817,13,26,28,3219.02
3818,7,24,20,3336.56
3819,14,9,12,18702.54
3820,4,13,14,13480.24
3821,8,2,5,22379.89
3822,3,2,2,26697.48
3823,15,9,12,39901.16
3824,2,25,21,13686.91
3825,11,2,2,20755.79
3826,7,17,18,22857.88
3827,11,1,1,11731.26
3828,8,22,22,5615.46
3829,6,7,10,10062.52
3830,1,8,11,11547.43
3831,2,14,15,74242.69
3832,14,2,2,16166.29
3833,15,1,1,11188.7
3834,14,23,23,1509.25
3835,10,9,12,2309.27
3836,4,30,27,59536.88
3837,3,6,9,84137.53
3838,10,29,26,39637.11
3839,3,27,24,6891.0
3840,11,26,28,77.07
3841,8,22,22,15274.27
3842,3,15,16,2419.57
3843,5,20,29,113.65
3844,13,14,15,53235.77
3845,12,29,26,30087.43
3846,3,23,23,37738.48
3847,8,23,23,51555.27
3848,13,8,11,11098.02
3849,8,3,6,17539.36
3850,8,12,8,33687.0
3851,15,6,9,42322.96
3852,2,22,22,10112.35
3853,1,8,11,10822.95
3854,5,30,27,44003.81
3855,13,28,25,30736.14
3856,8,21,30,28427.03
3857,4,29,26,21613.04
3858,12,26,28,80.79
3859,12,29,26,42693.43
3860,5,11,7,6298.56
3861,7,12,8,5062.26
3862,1,7,10,6039.27
3863,2,1,1,3688.97
3864,14,16,17,47865.99
3865,4,7,10,8360.37
3866,10,10,13,4872.09
3867,5,14,15,42427.43
3868,2,28,25,13792.04
3869,5,15,16,5117.75
3870,11,15,16,1272.4
3871,10,14,15,48121.58
3872,4,14,15,5586.27
3873,12,23,23,36190.21
3874,1,1,3,12165.58
3875,11,2,5,17288.58
3876,7,29,26,5539.25
3877,3,17,18,12294.63
3878,14,1,1,7527.74
3879,14,2,5,13237.04
3880,13,2,2,25528.41
3881,15,2,4,40761.0
3882,7,29,26,60623.12
3883,4,18,19,6745.03
3884,9,16,17,32053.68
3885,15,9,12,57973.71
3886,5,21,30,25472.79
3887,6,21,30,63059.75
3888,9,17,18,23167.36
3889,8,6,9,7857.29
3890,5,22,22,16373.19
3891,9,18,19,7763.45
3892,15,13,14,66596.91
3893,9,6,9,36990.35
3894,10,12,8,11720.85
3895,12,3,6,24774.36
3896,2,7,10,1009.55
3897,1,30,27,19917.15
3898,3,11,7,11376.77
3899,9,3,6,25474.31
3900,1,10,13,5243.38
3901,15,7,10,6639.39
3902,13,21,30,23309.39
3903,6,22,22,41176.06
3904,2,3,6,4298.9
3905,12,9,12,58252.38
3906,14,9,12,36070.73
3907,5,23,23,33767.33
3908,4,23,23,54150.35
3909,3,10,13,3009.2
3910,9,24,20,21728.7
3911,9,3,6,22471.56
3912,11,26,28,4006.99
3913,10,24,20,30052.39
3914,2,1,3,42972.47
3915,5,18,19,4597.7
3916,2,24,20,26513.19
3917,2,15,16,4497.06
3918,5,1,1,13865.32
3919,14,23,23,24055.25
3920,8,22,22,6271.81
3921,11,20,29,3436.7
3922,6,8,11,3123.48
3923,7,14,15,61470.84
3924,6,26,28,2584.01
3925,2,30,27,2598.34
3926,5,6,9,64986.52
3927,2,9,12,54460.78
3928,3,1,3,16010.22
3929,13,18,19,4425.74
3930,1,9,12,29312.24
3931,6,9,12,53604.84
3932,2,30,27,4154.86
3933,7,15,16,4644.53
3934,14,2,2,8454.38
3935,13,18,19,13241.34
3936,1,1,1,10529.93
3937,9,7,10,2619.22
3938,13,14,15,85216.17
3939,2,2,5,26277.32
3940,11,3,6,40540.35
3941,8,23,23,47037.39
3942,13,2,2,50338.28
3943,12,10,13,3418.59
3944,11,20,29,5343.83
3945,4,14,15,44185.02
3946,13,20,29,4400.35
3947,9,21,30,47953.17
3948,14,22,22,9503.57
3949,8,23,23,21580.54
3950,4,1,1,18689.49
3951,10,1,3,41975.2
3952,14,2,5,18131.43
3953,13,23,23,27059.39
3954,12,2,2,70403.92
3955,6,2,2,45065.23
3956,2,17,18,17041.74
3957,12,10,13,5627.82
3958,7,9,12,16630.83
3959,12,8,11,9826.26
3960,4,18,19,8276.63
3961,5,21,30,17846.13
3962,15,21,30,20859.12
3963,7,18,19,4691.75
3964,5,26,28,3943.53
3965,12,6,9,46769.03
3966,4,16,17,41175.54
3967,15,14,15,43765.42
3968,12,3,6,21876.57
3969,13,1,1,22347.7
3970,1,3,6,8633.94
3971,5,3,6,15411.71
3972,8,29,26,8100.62
3973,8,30,27,14135.46
3974,3,20,29,4767.23
3975,2,16,17,19300.67
3976,11,13,14,32069.34
3977,2,17,18,1549.44
3978,14,2,2,22323.49
3979,9,23,23,58264.49
3980,9,2,4,8086.46
3981,8,30,27,3421.47
3982,12,20,29,5992.08
3983,10,12,8,18257.26
3984,14,26,28,1486.13
3985,4,26,28,2469.26
3986,13,26,28,1569.58
3987,1,28,25,27349.42
3988,5,7,10,4868.49
3989,14,15,16,106.26
3990,14,9,12,54548.32
3991,12,14,15,8942.78
3992,2,26,28,3413.86
3993,15,15,16,1553.92
3994,15,21,30,1275.15
3995,7,9,12,47180.11
3996,6,13,14,34582.72
3997,1,1,1,14889.69
3998,6,8,11,10055.82
3999,6,7,10,478.59
4000,10,1,1,5930.74
